Curve:JPY.TONAR
Instruement,Type,Start Tenor,Tenor,Market Quote,Leg1 Freq,Leg2 Freq,DiscountCurve,ForwardCurve,Leg2 DiscountCurve,Leg2 ForwardCurve,maturity year frac,zero rate,recomputed curve targets
TONAR Swap,swap,Spot,1M,-0.000525,12M,3M,JPY.TONAR,na,JPY.TONAR,JPY.TONAR,0.08493150684931507,-0.0005250117049699847,-0.0005249999999980136
TONAR Swap,swap,Spot,2M,-0.000525,12M,3M,JPY.TONAR,na,JPY.TONAR,JPY.TONAR,0.1643835616438356,-0.0005250226554131218,-0.0005249999999991467
TONAR Swap,swap,Spot,3M,-0.000525,12M,3M,JPY.TONAR,na,JPY.TONAR,JPY.TONAR,0.2493150684931507,-0.0005250343617318212,-0.0005250000000000966
TONAR Swap,swap,Spot,4M,-0.000525,12M,3M,JPY.TONAR,na,JPY.TONAR,JPY.TONAR,0.3315068493150685,-0.0005250456910892056,-0.0005250000000000708
TONAR Swap,swap,Spot,5M,-0.000525,12M,3M,JPY.TONAR,na,JPY.TONAR,JPY.TONAR,0.41643835616438357,-0.0005250573987770183,-0.0005249999999996154
TONAR Swap,swap,Spot,6M,-0.00054,12M,3M,JPY.TONAR,na,JPY.TONAR,JPY.TONAR,0.4986301369863014,-0.0005400727133267692,-0.0005399999999998941
TONAR Swap,swap,Spot,9M,-0.0005625,12M,3M,JPY.TONAR,na,JPY.TONAR,JPY.TONAR,0.7506849315068493,-0.0005626187941444528,-0.0005624999999998077
TONAR Swap,swap,Spot,1Y,-0.00059375,12M,3M,JPY.TONAR,na,JPY.TONAR,JPY.TONAR,1.0027397260273974,-0.0005939268226490377,-0.0005937500000001181
TONAR Swap,swap,Spot,18M,-0.0005813,12M,3M,JPY.TONAR,na,JPY.TONAR,JPY.TONAR,1.4986301369863013,-0.0005814368352059757,-0.0005812999999999261
TONAR Swap,swap,Spot,2Y,-0.000575,12M,3M,JPY.TONAR,na,JPY.TONAR,JPY.TONAR,2.0027397260273974,-0.0005751710188494354,-0.0005749999999999398
TONAR Swap,swap,Spot,3Y,-0.000575,12M,3M,JPY.TONAR,na,JPY.TONAR,JPY.TONAR,3.0027397260273974,-0.0005751691395816108,-0.0005750000000000253
TONAR Swap,swap,Spot,4Y,-0.00055625,12M,3M,JPY.TONAR,na,JPY.TONAR,JPY.TONAR,4.002739726027397,-0.0005564231581250458,-0.0005562500000000063
TONAR Swap,swap,Spot,5Y,-0.00049375,12M,3M,JPY.TONAR,na,JPY.TONAR,JPY.TONAR,5.005479452054795,-0.0004939467960245044,-0.0004937500000000084
TONAR Swap,swap,Spot,7Y,-0.00025,12M,3M,JPY.TONAR,na,JPY.TONAR,JPY.TONAR,7.005479452054795,-0.0002502153023414394,-0.00024999999999999784
TONAR Swap,swap,Spot,10Y,0.00033125,12M,3M,JPY.TONAR,na,JPY.TONAR,JPY.TONAR,10.008219178082191,0.0003320682123739813,0.0003312499999999957
TONAR Swap,swap,Spot,12Y,0.0007625,12M,3M,JPY.TONAR,na,JPY.TONAR,JPY.TONAR,12.008219178082191,0.0007655568726047293,0.0007624999999999823
TONAR Swap,swap,Spot,15Y,0.00145,12M,3M,JPY.TONAR,na,JPY.TONAR,JPY.TONAR,15.01095890410959,0.0014602083085789872,0.0014499999999999847
TONAR Swap,swap,Spot,20Y,0.0023625,12M,3M,JPY.TONAR,na,JPY.TONAR,JPY.TONAR,20.013698630136986,0.002390566130841087,0.0023624999999999727
TONAR Swap,swap,Spot,25Y,0.00293,12M,3M,JPY.TONAR,na,JPY.TONAR,JPY.TONAR,25.019178082191782,0.002974005333391613,0.00292999999999998
TONAR Swap,swap,Spot,30Y,0.0032875,12M,3M,JPY.TONAR,na,JPY.TONAR,JPY.TONAR,30.02191780821918,0.0033430148257528685,0.003287499999999987
Curve:JPY.LIBOR.3M
Instruement,Type,Start Tenor,Tenor,Market Quote,Leg1 Freq,Leg2 Freq,DiscountCurve,ForwardCurve,Leg2 DiscountCurve,Leg2 ForwardCurve,maturity year frac,zero rate,recomputed curve targets
LIBOR3M Future,future,1M,3M,100.0425,na,na,JPY.TONAR,JPY.LIBOR.3M,na,na,0.3315068493150685,-0.0004250222703914915,-0.0004249999999998237
LIBOR3M Future,future,2M,3M,100.04625,na,na,JPY.TONAR,JPY.LIBOR.3M,na,na,0.41643835616438357,-0.000447722477346685,-0.0004625000000005681
LIBOR3M Future,future,3M,3M,100.0525,na,na,JPY.TONAR,JPY.LIBOR.3M,na,na,0.4986301369863014,-0.000475028316061436,-0.0005249999999996512
LIBOR3M Future,future,4M,3M,100.0475,na,na,JPY.TONAR,JPY.LIBOR.3M,na,na,0.5835616438356165,-0.0004466211781215147,-0.0004750000000001311
LIBOR3M Future,future,5M,3M,100.05125,na,na,JPY.TONAR,JPY.LIBOR.3M,na,na,0.6684931506849315,-0.0004721592712796209,-0.0005124999999992605
LIBOR3M Future,future,6M,3M,100.0525,na,na,JPY.TONAR,JPY.LIBOR.3M,na,na,0.7506849315068493,-0.000491818793959069,-0.0005249999999992639
Libor3M6M Basis Swap,basis swap,Spot,2Y,0.0005875,3M,6M,JPY.TONAR,JPY.LIBOR.3M,JPY.TONAR,JPY.LIBOR.6M,2.0027397260273974,-0.00048752198954887864,0.0005874999999999936
Libor3M6M Basis Swap,basis swap,Spot,3Y,0.00060625,3M,6M,JPY.TONAR,JPY.LIBOR.3M,JPY.TONAR,JPY.LIBOR.6M,3.0027397260273974,-0.0005062632509344554,0.0006062500000000266
Libor3M6M Basis Swap,basis swap,Spot,4Y,0.00063125,3M,6M,JPY.TONAR,JPY.LIBOR.3M,JPY.TONAR,JPY.LIBOR.6M,4.002739726027397,-0.0004854784264445423,0.0006312499999999601
Libor3M6M Basis Swap,basis swap,Spot,5Y,0.00066875,3M,6M,JPY.TONAR,JPY.LIBOR.3M,JPY.TONAR,JPY.LIBOR.6M,5.005479452054795,-0.00041683101422632687,0.0006687499999999675
Libor3M6M Basis Swap,basis swap,Spot,6Y,0.00070625,3M,6M,JPY.TONAR,JPY.LIBOR.3M,JPY.TONAR,JPY.LIBOR.6M,6.005479452054795,-0.0003143890066675916,0.0007062499999999579
Libor3M6M Basis Swap,basis swap,Spot,7Y,0.00073125,3M,6M,JPY.TONAR,JPY.LIBOR.3M,JPY.TONAR,JPY.LIBOR.6M,7.005479452054795,-0.00016142250940422287,0.0007312499999999887
Libor3M6M Basis Swap,basis swap,Spot,8Y,0.00075625,3M,6M,JPY.TONAR,JPY.LIBOR.3M,JPY.TONAR,JPY.LIBOR.6M,8.005479452054795,2.3675598198213897e-05,0.0007562499999999821
Libor3M6M Basis Swap,basis swap,Spot,10Y,0.0007875,3M,6M,JPY.TONAR,JPY.LIBOR.3M,JPY.TONAR,JPY.LIBOR.6M,10.008219178082191,0.00021286316971025682,0.0007874999999999591
Libor3M6M Basis Swap,basis swap,Spot,12Y,0.00080625,3M,6M,JPY.TONAR,JPY.LIBOR.3M,JPY.TONAR,JPY.LIBOR.6M,12.008219178082191,0.000445385550930978,0.000806249999999962
Libor3M6M Basis Swap,basis swap,Spot,15Y,0.00081875,3M,6M,JPY.TONAR,JPY.LIBOR.3M,JPY.TONAR,JPY.LIBOR.6M,15.01095890410959,0.0009181572980780263,0.000818750000000024
Libor3M6M Basis Swap,basis swap,Spot,20Y,0.0008375,3M,6M,JPY.TONAR,JPY.LIBOR.3M,JPY.TONAR,JPY.LIBOR.6M,20.013698630136986,0.002606316136781089,0.0008375000000000408
Libor3M6M Basis Swap,basis swap,Spot,25Y,0.00085,3M,6M,JPY.TONAR,JPY.LIBOR.3M,JPY.TONAR,JPY.LIBOR.6M,25.019178082191782,0.003208284255033085,0.0008500000000000388
Libor3M6M Basis Swap,basis swap,Spot,30Y,0.00086875,3M,6M,JPY.TONAR,JPY.LIBOR.3M,JPY.TONAR,JPY.LIBOR.6M,30.02191780821918,0.0035902184362236215,0.0008687500000000348
Curve:JPY.LIBOR.6M
Instruement,Type,Start Tenor,Tenor,Market Quote,Leg1 Freq,Leg2 Freq,DiscountCurve,ForwardCurve,Leg2 DiscountCurve,Leg2 ForwardCurve,maturity year frac,zero rate,recomputed curve targets
LIBOR6M FRA,FRA,0M,6M,0.000242,na,na,JPY.TONAR,JPY.LIBOR.6M,na,na,0.4986301369863014,0.00024198540028670462,0.00024200000000009622
LIBOR6M FRA,FRA,1M,6M,0.0002,na,na,JPY.TONAR,JPY.LIBOR.6M,na,na,0.5835616438356165,0.00020610203059068038,0.0001999999999998035
LIBOR6M FRA,FRA,2M,6M,0.000153,na,na,JPY.TONAR,JPY.LIBOR.6M,na,na,0.6684931506849315,0.00017487720659221248,0.00015300000000000697
LIBOR6M FRA,FRA,3M,6M,0.0001125,na,na,JPY.TONAR,JPY.LIBOR.6M,na,na,0.7506849315068493,0.00015550215634358986,0.00011250000000027896
LIBOR6M FRA,FRA,4M,6M,7.8e-05,na,na,JPY.TONAR,JPY.LIBOR.6M,na,na,0.8356164383561644,0.0001430555779600118,7.799999999998628e-05
LIBOR6M FRA,FRA,5M,6M,5e-05,na,na,JPY.TONAR,JPY.LIBOR.6M,na,na,0.9178082191780822,0.00013710945121523226,4.9999999999927144e-05
Libor6M Swap,swap,Spot,1Y,0.000129,6M,6M,JPY.TONAR,na,JPY.TONAR,JPY.LIBOR.6M,1.0027397260273974,0.00012901103209110983,0.00012899999999990157
Libor6M Swap,swap,Spot,2Y,0.0001,6M,6M,JPY.TONAR,na,JPY.TONAR,JPY.LIBOR.6M,2.0027397260273974,0.00010001429812347295,9.999999999996333e-05
Libor6M Swap,swap,Spot,3Y,0.0001,6M,6M,JPY.TONAR,na,JPY.TONAR,JPY.LIBOR.6M,3.0027397260273974,0.00010000870396386235,9.999999999998928e-05
Libor6M Swap,swap,Spot,4Y,0.0001458,6M,6M,JPY.TONAR,na,JPY.TONAR,JPY.LIBOR.6M,4.002739726027397,0.00014576316936179125,0.00014579999999997896
Libor6M Swap,swap,Spot,5Y,0.000252,6M,6M,JPY.TONAR,na,JPY.TONAR,JPY.LIBOR.6M,5.005479452054795,0.000251850502791213,0.00025199999999997024
Libor6M Swap,swap,Spot,6Y,0.000392,6M,6M,JPY.TONAR,na,JPY.TONAR,JPY.LIBOR.6M,6.005479452054795,0.0003917332489975079,0.00039199999999996074
Libor6M Swap,swap,Spot,7Y,0.00057,6M,6M,JPY.TONAR,na,JPY.TONAR,JPY.LIBOR.6M,7.005479452054795,0.0005696395781097908,0.0005699999999999901
Libor6M Swap,swap,Spot,8Y,0.00078,6M,6M,JPY.TONAR,na,JPY.TONAR,JPY.LIBOR.6M,8.005479452054795,0.0007796919100076986,0.0007799999999999704
Libor6M Swap,swap,Spot,10Y,0.001,6M,6M,JPY.TONAR,na,JPY.TONAR,JPY.LIBOR.6M,10.008219178082191,0.0010001941452012673,0.0009999999999999818
Libor6M Swap,swap,Spot,12Y,0.00125,6M,6M,JPY.TONAR,na,JPY.TONAR,JPY.LIBOR.6M,12.008219178082191,0.0012515603372584693,0.0012500000000000005
Libor6M Swap,swap,Spot,15Y,0.00173,6M,6M,JPY.TONAR,na,JPY.TONAR,JPY.LIBOR.6M,15.01095890410959,0.0017369203350716858,0.0017300000000000319
Libor6M Swap,swap,Spot,20Y,0.0034,6M,6M,JPY.TONAR,na,JPY.TONAR,JPY.LIBOR.6M,20.013698630136986,0.0034429208094165736,0.003400000000000028
Libor6M Swap,swap,Spot,25Y,0.004,6M,6M,JPY.TONAR,na,JPY.TONAR,JPY.LIBOR.6M,25.019178082191782,0.004057623256775904,0.004000000000000019
Libor6M Swap,swap,Spot,30Y,0.00439,6M,6M,JPY.TONAR,na,JPY.TONAR,JPY.LIBOR.6M,30.02191780821918,0.004459096716761572,0.0043900000000000146
