Curve:USD.OIS
Instruement,Type,Start Tenor,Tenor,Market Quote,Leg1 Freq,Leg2 Freq,DiscountCurve,ForwardCurve,Leg2 DiscountCurve,Leg2 ForwardCurve,maturity year frac,zero rate,recomputed curve targets
fedfund future,fedfund future,Spot,1M,98.1513,na,na,USD.OIS,USD.OIS,na,na,0.08493150684931507,0.019082855987012703,0.018486999999997034
fedfund future,fedfund future,1M,1M,98.2525,na,na,USD.OIS,USD.OIS,na,na,0.1643835616438356,0.018596759174505702,0.017475000000000535
fedfund future,fedfund future,2M,1M,98.32,na,na,USD.OIS,USD.OIS,na,na,0.2493150684931507,0.018169151395855065,0.016800000000001224
fedfund future,fedfund future,3M,1M,98.4075,na,na,USD.OIS,USD.OIS,na,na,0.3315068493150685,0.017744269804530186,0.015925000000006413
fedfund future,fedfund future,4M,1M,98.48,na,na,USD.OIS,USD.OIS,na,na,0.41643835616438357,0.017325303879488958,0.015199999999999901
fedfund future,fedfund future,5M,1M,98.5025,na,na,USD.OIS,USD.OIS,na,na,0.4986301369863014,0.01702011729825145,0.014975000000000297
fedfund future,fedfund future,6M,1M,98.5475,na,na,USD.OIS,USD.OIS,na,na,0.5835616438356165,0.016725125825048787,0.014524999999998393
fedfund future,fedfund future,7M,1M,98.585,na,na,USD.OIS,USD.OIS,na,na,0.6684931506849315,0.016455912868648327,0.014150000000000933
fedfund future,fedfund future,8M,1M,98.61,na,na,USD.OIS,USD.OIS,na,na,0.7506849315068493,0.016226767376468873,0.013900000000006792
fedfund future,fedfund future,9M,1M,98.6375,na,na,USD.OIS,USD.OIS,na,na,0.8356164383561644,0.016006970034453567,0.013624999999996383
fedfund future,fedfund future,10M,1M,98.6675,na,na,USD.OIS,USD.OIS,na,na,0.9178082191780822,0.0158065464739899,0.013324999999986372
OIS Basis Swap,basis swap,Spot,1Y,0.003,3M,3M,USD.OIS,USD.OIS,USD.OISD,USD.LIBOR.3M,1.0027397260273974,0.013852605150288844,0.003000000000000167
OIS Basis Swap,basis swap,Spot,2Y,0.0026,3M,3M,USD.OIS,USD.OIS,USD.OISD,USD.LIBOR.3M,2.0027397260273974,0.01394224633388854,0.002599999999999922
OIS Basis Swap,basis swap,Spot,3Y,0.0025,3M,3M,USD.OIS,USD.OIS,USD.OISD,USD.LIBOR.3M,3.0027397260273974,0.01323934067678254,0.0025000000000000256
OIS Basis Swap,basis swap,Spot,4Y,0.0024,3M,3M,USD.OIS,USD.OIS,USD.OISD,USD.LIBOR.3M,4.002739726027397,0.01293890259226246,0.0024000000000000206
OIS Basis Swap,basis swap,Spot,5Y,0.0024,3M,3M,USD.OIS,USD.OIS,USD.OISD,USD.LIBOR.3M,5.005479452054795,0.012840053372272616,0.0024000000000001603
OIS Basis Swap,basis swap,Spot,6Y,0.0024,3M,3M,USD.OIS,USD.OIS,USD.OISD,USD.LIBOR.3M,6.005479452054795,0.012842498836680299,0.002400000000000058
OIS Basis Swap,basis swap,Spot,7Y,0.0023,3M,3M,USD.OIS,USD.OIS,USD.OISD,USD.LIBOR.3M,7.005479452054795,0.013050940880026115,0.002299999999999979
OIS Basis Swap,basis swap,Spot,8Y,0.0023,3M,3M,USD.OIS,USD.OIS,USD.OISD,USD.LIBOR.3M,8.005479452054795,0.013259438051783744,0.002299999999999958
OIS Basis Swap,basis swap,Spot,10Y,0.0023,3M,3M,USD.OIS,USD.OIS,USD.OISD,USD.LIBOR.3M,10.008219178082191,0.013783682315368981,0.0022999999999999653
OIS Basis Swap,basis swap,Spot,12Y,0.0023,3M,3M,USD.OIS,USD.OIS,USD.OISD,USD.LIBOR.3M,12.008219178082191,0.014098734976475858,0.0023000000000000104
OIS Basis Swap,basis swap,Spot,15Y,0.0022,3M,3M,USD.OIS,USD.OIS,USD.OISD,USD.LIBOR.3M,15.01095890410959,0.014743229060492496,0.0022000000000000136
OIS Basis Swap,basis swap,Spot,20Y,0.0022,3M,3M,USD.OIS,USD.OIS,USD.OISD,USD.LIBOR.3M,20.013698630136986,0.015281044954356235,0.0022000000000000253
OIS Basis Swap,basis swap,Spot,25Y,0.0022,3M,3M,USD.OIS,USD.OIS,USD.OISD,USD.LIBOR.3M,25.019178082191782,0.01537001622987214,0.0022000000000000058
OIS Basis Swap,basis swap,Spot,30Y,0.0022,3M,3M,USD.OIS,USD.OIS,USD.OISD,USD.LIBOR.3M,30.02191780821918,0.015470509206783528,0.0021999999999999967
Curve:USD.LIBOR.3M
Instruement,Type,Start Tenor,Tenor,Market Quote,Leg1 Freq,Leg2 Freq,DiscountCurve,ForwardCurve,Leg2 DiscountCurve,Leg2 ForwardCurve,maturity year frac,zero rate,recomputed curve targets
Eurodollar future,future,0M,3M,98.0175,na,na,USD.OIS,USD.LIBOR.3M,na,na,0.2493150684931507,0.0197761666168722,0.019824999999999614
Eurodollar future,future,3M,3M,98.3075,na,na,USD.OIS,USD.LIBOR.3M,na,na,0.4986301369863014,0.018332778950450525,0.016925000000000016
Eurodollar future,future,6M,3M,98.42,na,na,USD.OIS,USD.LIBOR.3M,na,na,0.7506849315068493,0.017471821075573223,0.015799999999999956
Eurodollar future,future,9M,3M,98.4975,na,na,USD.OIS,USD.LIBOR.3M,na,na,1.0027397260273974,0.01684963960160716,0.015024999999999742
Eurodollar future,future,12M,3M,98.4975,na,na,USD.OIS,USD.LIBOR.3M,na,na,1.2493150684931507,0.016484033683384743,0.015024999999999117
Eurodollar future,future,15M,3M,98.5775,na,na,USD.OIS,USD.LIBOR.3M,na,na,1.4986301369863013,0.016104029872356835,0.014224999999999773
Libor3M Swap,swap,Spot,2Y,0.0166,6M,3M,USD.OIS,na,USD.OIS,USD.LIBOR.3M,2.0027397260273974,0.01653650946856555,0.016599999999999802
Libor3M Swap,swap,Spot,3Y,0.0158,6M,3M,USD.OIS,na,USD.OIS,USD.LIBOR.3M,3.0027397260273974,0.01573167921140778,0.015799999999999904
Libor3M Swap,swap,Spot,4Y,0.0154,6M,3M,USD.OIS,na,USD.OIS,USD.LIBOR.3M,4.002739726027397,0.015329519510933169,0.015399999999999928
Libor3M Swap,swap,Spot,5Y,0.0153,6M,3M,USD.OIS,na,USD.OIS,USD.LIBOR.3M,5.005479452054795,0.01523090872630337,0.015300000000000041
Libor3M Swap,swap,Spot,6Y,0.0153,6M,3M,USD.OIS,na,USD.OIS,USD.LIBOR.3M,6.005479452054795,0.015233475560381236,0.015299999999999973
Libor3M Swap,swap,Spot,7Y,0.0154,6M,3M,USD.OIS,na,USD.OIS,USD.LIBOR.3M,7.005479452054795,0.015338318618526284,0.015399999999999936
Libor3M Swap,swap,Spot,8Y,0.0156,6M,3M,USD.OIS,na,USD.OIS,USD.LIBOR.3M,8.005479452054795,0.015547255227518778,0.015599999999999907
Libor3M Swap,swap,Spot,10Y,0.0161,6M,3M,USD.OIS,na,USD.OIS,USD.LIBOR.3M,10.008219178082191,0.016071980669911782,0.016099999999999934
Libor3M Swap,swap,Spot,12Y,0.0164,6M,3M,USD.OIS,na,USD.OIS,USD.LIBOR.3M,12.008219178082191,0.016387375091159263,0.016399999999999984
Libor3M Swap,swap,Spot,15Y,0.0169,6M,3M,USD.OIS,na,USD.OIS,USD.LIBOR.3M,15.01095890410959,0.01692256845930093,0.016899999999999978
Libor3M Swap,swap,Spot,20Y,0.0174,6M,3M,USD.OIS,na,USD.OIS,USD.LIBOR.3M,20.013698630136986,0.017463090086608044,0.017399999999999985
Libor3M Swap,swap,Spot,25Y,0.0175,6M,3M,USD.OIS,na,USD.OIS,USD.LIBOR.3M,25.019178082191782,0.01755380907736103,0.01749999999999998
Libor3M Swap,swap,Spot,30Y,0.0176,6M,3M,USD.OIS,na,USD.OIS,USD.LIBOR.3M,30.02191780821918,0.017655443501383823,0.01759999999999998
