NEW_DATE,BC_6MONTH,BC_1YEAR,BC_2YEAR,BC_3YEAR,BC_5YEAR,BC_7YEAR,BC_10YEAR,BC_20YEAR,BC_30YEAR
2014-01-02,0.09,0.13,0.39,0.76,1.72,2.41,3.0,3.68,3.92
2014-01-03,0.1,0.13,0.41,0.8,1.73,2.42,3.01,3.69,3.93
2014-01-06,0.08,0.12,0.4,0.78,1.7,2.38,2.98,3.66,3.9
2014-01-07,0.08,0.13,0.4,0.8,1.69,2.37,2.96,3.64,3.88
2014-01-08,0.08,0.13,0.43,0.87,1.77,2.44,3.01,3.67,3.9
2014-01-09,0.06,0.13,0.44,0.86,1.75,2.41,2.97,3.62,3.88
2014-01-10,0.06,0.12,0.39,0.77,1.64,2.29,2.88,3.54,3.8
2014-01-13,0.06,0.11,0.39,0.74,1.6,2.25,2.84,3.52,3.77
2014-01-14,0.06,0.11,0.39,0.78,1.65,2.3,2.88,3.54,3.8
2014-01-15,0.06,0.13,0.41,0.81,1.68,2.33,2.9,3.55,3.81
2014-01-16,0.07,0.11,0.41,0.8,1.66,2.3,2.86,3.52,3.77
2014-01-17,0.07,0.11,0.4,0.79,1.64,2.27,2.84,3.5,3.75
2014-01-21,0.07,0.12,0.4,0.81,1.67,2.29,2.85,3.5,3.74
2014-01-22,0.07,0.11,0.44,0.85,1.72,2.34,2.87,3.52,3.75
2014-01-23,0.05,0.11,0.39,0.77,1.62,2.24,2.79,3.44,3.68
2014-01-24,0.06,0.11,0.37,0.75,1.58,2.2,2.75,3.4,3.64
2014-01-27,0.07,0.11,0.37,0.76,1.61,2.24,2.78,3.43,3.67
2014-01-28,0.07,0.11,0.38,0.75,1.59,2.22,2.77,3.43,3.68
2014-01-29,0.07,0.11,0.36,0.71,1.52,2.15,2.69,3.36,3.62
2014-01-30,0.06,0.1,0.36,0.72,1.55,2.19,2.72,3.4,3.65
2014-01-31,0.06,0.1,0.34,0.69,1.49,2.13,2.67,3.35,3.61
2014-02-03,0.07,0.11,0.3,0.64,1.44,2.07,2.61,3.29,3.55
2014-02-04,0.07,0.12,0.31,0.65,1.46,2.09,2.64,3.33,3.59
2014-02-05,0.07,0.12,0.32,0.66,1.5,2.14,2.7,3.4,3.66
2014-02-06,0.08,0.13,0.33,0.69,1.52,2.17,2.73,3.42,3.67
2014-02-07,0.09,0.12,0.3,0.66,1.47,2.13,2.71,3.39,3.67
2014-02-10,0.1,0.12,0.32,0.66,1.48,2.13,2.7,3.38,3.66
2014-02-11,0.1,0.12,0.35,0.71,1.54,2.19,2.75,3.42,3.69
2014-02-12,0.09,0.12,0.35,0.74,1.59,2.23,2.8,3.45,3.72
2014-02-13,0.08,0.12,0.32,0.7,1.51,2.16,2.73,3.4,3.7
2014-02-14,0.07,0.11,0.32,0.71,1.53,2.17,2.75,3.41,3.69
2014-02-18,0.08,0.12,0.31,0.67,1.5,2.14,2.71,3.4,3.68
2014-02-19,0.09,0.11,0.33,0.69,1.53,2.17,2.73,3.42,3.71
2014-02-20,0.08,0.12,0.34,0.72,1.57,2.2,2.76,3.44,3.73
2014-02-21,0.08,0.12,0.33,0.71,1.56,2.19,2.73,3.41,3.69
2014-02-24,0.08,0.11,0.35,0.72,1.57,2.2,2.75,3.42,3.7
2014-02-25,0.08,0.11,0.34,0.7,1.53,2.16,2.7,3.37,3.66
2014-02-26,0.08,0.11,0.33,0.68,1.5,2.12,2.67,3.34,3.63
2014-02-27,0.07,0.11,0.33,0.68,1.49,2.11,2.65,3.31,3.6
2014-02-28,0.08,0.12,0.33,0.69,1.51,2.13,2.66,3.31,3.59
2014-03-03,0.08,0.12,0.32,0.66,1.46,2.07,2.6,3.27,3.55
2014-03-04,0.08,0.12,0.33,0.71,1.54,2.17,2.7,3.36,3.64
2014-03-05,0.09,0.13,0.33,0.71,1.54,2.16,2.7,3.36,3.64
2014-03-06,0.08,0.12,0.37,0.73,1.57,2.2,2.74,3.4,3.68
2014-03-07,0.09,0.13,0.38,0.79,1.65,2.27,2.8,3.45,3.72
2014-03-10,0.08,0.12,0.37,0.79,1.64,2.26,2.79,3.45,3.73
2014-03-11,0.08,0.13,0.37,0.79,1.62,2.25,2.77,3.43,3.7
2014-03-12,0.08,0.12,0.37,0.78,1.59,2.2,2.73,3.38,3.66
2014-03-13,0.08,0.12,0.34,0.74,1.53,2.14,2.66,3.31,3.6
2014-03-14,0.08,0.12,0.36,0.74,1.55,2.14,2.65,3.3,3.59
2014-03-17,0.08,0.13,0.38,0.77,1.58,2.19,2.7,3.34,3.63
2014-03-18,0.07,0.13,0.36,0.75,1.56,2.16,2.68,3.33,3.62
2014-03-19,0.09,0.15,0.47,0.91,1.75,2.31,2.78,3.39,3.66
2014-03-20,0.09,0.14,0.45,0.9,1.73,2.31,2.79,3.4,3.67
2014-03-21,0.08,0.14,0.45,0.91,1.73,2.3,2.75,3.34,3.61
2014-03-24,0.08,0.14,0.47,0.93,1.76,2.31,2.74,3.31,3.57
2014-03-25,0.08,0.13,0.47,0.92,1.76,2.32,2.75,3.32,3.59
2014-03-26,0.07,0.12,0.45,0.89,1.7,2.27,2.71,3.29,3.55
2014-03-27,0.06,0.12,0.45,0.9,1.7,2.26,2.69,3.25,3.52
2014-03-28,0.06,0.13,0.45,0.93,1.74,2.31,2.73,3.29,3.55
2014-03-31,0.07,0.13,0.44,0.9,1.73,2.3,2.73,3.31,3.56
2014-04-01,0.06,0.13,0.44,0.91,1.74,2.32,2.77,3.35,3.6
2014-04-02,0.06,0.12,0.47,0.94,1.8,2.39,2.82,3.4,3.65
2014-04-03,0.05,0.11,0.46,0.95,1.79,2.38,2.8,3.38,3.62
2014-04-04,0.05,0.11,0.43,0.89,1.71,2.3,2.74,3.33,3.59
2014-04-07,0.06,0.11,0.41,0.87,1.68,2.27,2.71,3.3,3.56
2014-04-08,0.06,0.11,0.4,0.88,1.67,2.24,2.69,3.28,3.54
2014-04-09,0.05,0.1,0.37,0.85,1.65,2.24,2.71,3.31,3.57
2014-04-10,0.06,0.09,0.37,0.81,1.59,2.17,2.65,3.24,3.52
2014-04-11,0.06,0.09,0.37,0.8,1.58,2.16,2.63,3.22,3.48
2014-04-14,0.06,0.1,0.37,0.82,1.61,2.18,2.65,3.23,3.48
2014-04-15,0.05,0.11,0.39,0.84,1.63,2.18,2.64,3.2,3.46
2014-04-16,0.05,0.11,0.39,0.87,1.67,2.21,2.65,3.2,3.45
2014-04-17,0.05,0.11,0.43,0.91,1.75,2.31,2.73,3.27,3.52
2014-04-21,0.06,0.11,0.42,0.91,1.74,2.31,2.73,3.27,3.52
2014-04-22,0.06,0.11,0.45,0.93,1.76,2.31,2.73,3.25,3.5
2014-04-23,0.05,0.11,0.43,0.91,1.73,2.28,2.7,3.22,3.47
2014-04-24,0.04,0.1,0.43,0.91,1.74,2.3,2.7,3.22,3.46
2014-04-25,0.04,0.11,0.43,0.9,1.72,2.28,2.68,3.2,3.45
2014-04-28,0.05,0.1,0.44,0.9,1.73,2.29,2.7,3.23,3.47
2014-04-29,0.05,0.11,0.44,0.91,1.74,2.29,2.71,3.25,3.49
2014-04-30,0.05,0.11,0.42,0.87,1.69,2.25,2.67,3.22,3.47
2014-05-01,0.05,0.1,0.41,0.86,1.66,2.21,2.63,3.16,3.41
2014-05-02,0.05,0.1,0.42,0.89,1.67,2.2,2.6,3.12,3.37
2014-05-05,0.05,0.11,0.43,0.9,1.68,2.22,2.63,3.16,3.41
2014-05-06,0.05,0.1,0.43,0.92,1.68,2.2,2.61,3.13,3.38
2014-05-07,0.05,0.1,0.41,0.89,1.65,2.18,2.62,3.12,3.4
2014-05-08,0.05,0.1,0.4,0.86,1.63,2.16,2.61,3.17,3.45
2014-05-09,0.05,0.1,0.4,0.86,1.63,2.17,2.62,3.18,3.47
2014-05-12,0.05,0.09,0.41,0.87,1.67,2.21,2.66,3.21,3.49
2014-05-13,0.05,0.1,0.39,0.84,1.62,2.16,2.61,3.17,3.45
2014-05-14,0.05,0.1,0.39,0.81,1.57,2.1,2.54,3.09,3.37
2014-05-15,0.05,0.09,0.38,0.8,1.55,2.05,2.5,3.05,3.33
2014-05-16,0.05,0.09,0.38,0.8,1.56,2.08,2.52,3.07,3.34
2014-05-19,0.05,0.09,0.36,0.79,1.56,2.09,2.54,3.11,3.39
2014-05-20,0.06,0.09,0.35,0.77,1.53,2.06,2.52,3.1,3.38
2014-05-21,0.06,0.09,0.37,0.79,1.55,2.08,2.54,3.13,3.42
2014-05-22,0.05,0.09,0.37,0.8,1.57,2.1,2.56,3.15,3.43
2014-05-23,0.05,0.1,0.37,0.79,1.55,2.09,2.54,3.12,3.4
2014-05-27,0.06,0.09,0.39,0.79,1.56,2.08,2.52,3.09,3.37
2014-05-28,0.05,0.1,0.37,0.76,1.5,2.01,2.44,3.01,3.29
2014-05-29,0.05,0.1,0.37,0.77,1.52,2.03,2.45,3.03,3.31
2014-05-30,0.06,0.1,0.37,0.79,1.54,2.06,2.48,3.05,3.33
2014-06-02,0.06,0.1,0.39,0.83,1.6,2.12,2.54,3.1,3.38
2014-06-03,0.06,0.1,0.41,0.85,1.65,2.18,2.6,3.17,3.43
2014-06-04,0.06,0.1,0.41,0.85,1.65,2.2,2.61,3.18,3.45
2014-06-05,0.06,0.1,0.4,0.82,1.63,2.17,2.59,3.17,3.44
2014-06-06,0.06,0.11,0.41,0.86,1.66,2.19,2.6,3.17,3.44
2014-06-09,0.06,0.11,0.43,0.88,1.69,2.22,2.62,3.18,3.45
2014-06-10,0.06,0.11,0.45,0.93,1.71,2.24,2.64,3.2,3.47
2014-06-11,0.06,0.11,0.44,0.91,1.7,2.23,2.65,3.2,3.47
2014-06-12,0.07,0.1,0.42,0.88,1.66,2.17,2.58,3.14,3.41
2014-06-13,0.07,0.11,0.45,0.93,1.7,2.21,2.6,3.14,3.41
2014-06-16,0.07,0.11,0.49,0.95,1.71,2.21,2.61,3.14,3.4
2014-06-17,0.07,0.11,0.51,0.99,1.77,2.27,2.66,3.19,3.44
2014-06-18,0.06,0.1,0.48,0.95,1.71,2.21,2.61,3.16,3.43
2014-06-19,0.05,0.09,0.48,0.94,1.71,2.22,2.64,3.2,3.47
2014-06-20,0.04,0.09,0.5,0.94,1.71,2.22,2.63,3.18,3.44
2014-06-23,0.06,0.1,0.48,0.96,1.72,2.23,2.63,3.18,3.45
2014-06-24,0.06,0.12,0.49,0.95,1.7,2.19,2.59,3.14,3.41
2014-06-25,0.05,0.11,0.48,0.92,1.68,2.17,2.57,3.12,3.38
2014-06-26,0.06,0.11,0.46,0.9,1.64,2.14,2.53,3.08,3.35
2014-06-27,0.06,0.1,0.45,0.88,1.64,2.14,2.54,3.1,3.36
2014-06-30,0.07,0.11,0.47,0.88,1.62,2.13,2.53,3.08,3.34
2014-07-01,0.06,0.11,0.47,0.9,1.66,2.17,2.58,3.13,3.4
2014-07-02,0.06,0.12,0.49,0.95,1.71,2.22,2.64,3.2,3.46
2014-07-03,0.06,0.11,0.52,0.98,1.74,2.25,2.65,3.21,3.47
2014-07-07,0.06,0.12,0.52,1.0,1.74,2.24,2.63,3.17,3.44
2014-07-08,0.06,0.11,0.51,0.99,1.7,2.19,2.58,3.12,3.38
2014-07-09,0.06,0.11,0.51,0.97,1.68,2.17,2.57,3.1,3.37
2014-07-10,0.06,0.1,0.46,0.93,1.66,2.15,2.55,3.1,3.38
2014-07-11,0.07,0.11,0.48,0.92,1.65,2.13,2.53,3.07,3.34
2014-07-14,0.06,0.11,0.48,0.95,1.68,2.17,2.55,3.1,3.36
2014-07-15,0.06,0.11,0.49,0.97,1.7,2.18,2.56,3.1,3.37
2014-07-16,0.06,0.11,0.5,0.98,1.71,2.18,2.55,3.08,3.35
2014-07-17,0.06,0.1,0.47,0.94,1.65,2.11,2.47,3.01,3.27
2014-07-18,0.05,0.1,0.51,0.97,1.69,2.14,2.5,3.03,3.29
2014-07-21,0.06,0.11,0.51,0.99,1.7,2.14,2.49,3.01,3.26
2014-07-22,0.07,0.11,0.49,0.97,1.68,2.13,2.48,3.0,3.25
2014-07-23,0.05,0.11,0.5,0.96,1.67,2.12,2.48,3.0,3.26
2014-07-24,0.06,0.11,0.53,1.0,1.72,2.18,2.52,3.04,3.3
2014-07-25,0.06,0.11,0.53,0.98,1.69,2.14,2.48,2.99,3.24
2014-07-28,0.06,0.11,0.54,1.01,1.73,2.17,2.5,3.01,3.26
2014-07-29,0.06,0.12,0.54,1.0,1.7,2.14,2.47,2.97,3.22
2014-07-30,0.06,0.13,0.56,1.04,1.77,2.24,2.57,3.06,3.31
2014-07-31,0.05,0.12,0.53,1.02,1.76,2.24,2.58,3.07,3.32
2014-08-01,0.05,0.13,0.47,0.94,1.67,2.16,2.52,3.03,3.29
2014-08-04,0.06,0.12,0.47,0.93,1.66,2.15,2.51,3.04,3.3
2014-08-05,0.05,0.12,0.47,0.93,1.66,2.14,2.49,3.02,3.28
2014-08-06,0.05,0.11,0.48,0.93,1.66,2.13,2.49,3.01,3.27
2014-08-07,0.04,0.11,0.44,0.89,1.6,2.07,2.43,2.97,3.23
2014-08-08,0.05,0.1,0.45,0.91,1.62,2.09,2.44,2.97,3.23
2014-08-11,0.05,0.1,0.47,0.93,1.62,2.09,2.44,2.97,3.24
2014-08-12,0.05,0.1,0.45,0.92,1.63,2.1,2.46,3.0,3.27
2014-08-13,0.06,0.1,0.43,0.88,1.59,2.06,2.43,2.97,3.24
2014-08-14,0.06,0.1,0.42,0.87,1.58,2.04,2.4,2.93,3.2
2014-08-15,0.05,0.09,0.42,0.86,1.55,1.99,2.34,2.86,3.13
2014-08-18,0.05,0.1,0.44,0.89,1.58,2.04,2.39,2.92,3.2
2014-08-19,0.05,0.11,0.46,0.9,1.59,2.05,2.4,2.94,3.21
2014-08-20,0.06,0.12,0.49,0.94,1.65,2.09,2.43,2.95,3.22
2014-08-21,0.06,0.1,0.49,0.95,1.64,2.08,2.41,2.92,3.19
2014-08-22,0.06,0.1,0.53,0.98,1.68,2.1,2.4,2.9,3.16
2014-08-25,0.05,0.11,0.53,0.99,1.69,2.09,2.39,2.88,3.13
2014-08-26,0.05,0.12,0.52,0.98,1.68,2.08,2.39,2.89,3.15
2014-08-27,0.05,0.11,0.51,0.97,1.65,2.05,2.37,2.85,3.11
2014-08-28,0.05,0.11,0.5,0.95,1.63,2.04,2.34,2.82,3.08
2014-08-29,0.05,0.09,0.48,0.94,1.63,2.05,2.35,2.83,3.09
2014-09-02,0.05,0.1,0.53,0.99,1.69,2.11,2.42,2.91,3.17
2014-09-03,0.05,0.11,0.52,0.99,1.69,2.11,2.41,2.9,3.15
2014-09-04,0.05,0.1,0.54,1.01,1.71,2.14,2.45,2.95,3.21
2014-09-05,0.05,0.1,0.52,0.99,1.69,2.14,2.46,2.97,3.23
2014-09-08,0.05,0.1,0.54,1.02,1.72,2.16,2.48,2.97,3.23
2014-09-09,0.05,0.11,0.56,1.06,1.76,2.19,2.5,2.97,3.23
2014-09-10,0.05,0.11,0.58,1.07,1.79,2.22,2.54,3.01,3.26
2014-09-11,0.05,0.11,0.58,1.07,1.79,2.22,2.54,3.02,3.27
2014-09-12,0.05,0.11,0.58,1.07,1.83,2.29,2.62,3.1,3.35
2014-09-15,0.05,0.11,0.58,1.06,1.8,2.26,2.6,3.09,3.34
2014-09-16,0.04,0.13,0.55,1.04,1.78,2.26,2.6,3.11,3.36
2014-09-17,0.05,0.12,0.59,1.08,1.82,2.29,2.62,3.12,3.37
2014-09-18,0.04,0.12,0.59,1.1,1.85,2.32,2.63,3.12,3.36
2014-09-19,0.04,0.11,0.59,1.09,1.83,2.29,2.59,3.05,3.29
2014-09-22,0.04,0.1,0.58,1.06,1.8,2.26,2.57,3.04,3.28
2014-09-23,0.04,0.1,0.57,1.05,1.78,2.23,2.54,3.01,3.25
2014-09-24,0.03,0.11,0.59,1.08,1.82,2.26,2.57,3.04,3.28
2014-09-25,0.03,0.1,0.56,1.03,1.75,2.21,2.52,2.98,3.22
2014-09-26,0.03,0.11,0.59,1.08,1.8,2.24,2.54,2.99,3.22
2014-09-29,0.05,0.11,0.58,1.06,1.77,2.21,2.5,2.95,3.18
2014-09-30,0.03,0.13,0.58,1.07,1.78,2.22,2.52,2.98,3.21
2014-10-01,0.04,0.1,0.53,1.0,1.69,2.12,2.42,2.87,3.12
2014-10-02,0.03,0.1,0.53,1.01,1.7,2.14,2.44,2.9,3.15
2014-10-03,0.03,0.11,0.57,1.05,1.73,2.16,2.45,2.89,3.13
2014-10-06,0.05,0.11,0.54,1.02,1.7,2.13,2.43,2.88,3.12
2014-10-07,0.04,0.1,0.52,0.98,1.64,2.06,2.36,2.81,3.06
2014-10-08,0.05,0.1,0.46,0.9,1.57,2.02,2.35,2.82,3.07
2014-10-09,0.05,0.1,0.46,0.91,1.58,2.02,2.34,2.81,3.07
2014-10-10,0.04,0.1,0.45,0.89,1.55,1.99,2.31,2.77,3.03
2014-10-14,0.04,0.09,0.39,0.8,1.45,1.88,2.21,2.68,2.95
2014-10-15,0.05,0.1,0.34,0.73,1.37,1.8,2.15,2.64,2.92
2014-10-16,0.05,0.1,0.35,0.75,1.39,1.82,2.17,2.66,2.94
2014-10-17,0.05,0.11,0.39,0.79,1.44,1.88,2.22,2.7,2.98
2014-10-20,0.06,0.1,0.37,0.76,1.41,1.85,2.2,2.68,2.96
2014-10-21,0.06,0.1,0.38,0.77,1.44,1.88,2.23,2.72,3.0
2014-10-22,0.06,0.11,0.41,0.8,1.46,1.9,2.25,2.73,3.01
2014-10-23,0.06,0.11,0.41,0.83,1.52,1.95,2.29,2.77,3.05
2014-10-24,0.06,0.11,0.41,0.82,1.52,1.96,2.29,2.77,3.05
2014-10-27,0.06,0.11,0.41,0.81,1.51,1.94,2.27,2.75,3.04
2014-10-28,0.05,0.11,0.42,0.84,1.53,1.97,2.3,2.79,3.06
2014-10-29,0.07,0.11,0.48,0.93,1.61,2.03,2.34,2.79,3.06
2014-10-30,0.06,0.11,0.48,0.91,1.58,2.02,2.32,2.77,3.04
2014-10-31,0.05,0.11,0.5,0.95,1.62,2.05,2.35,2.81,3.07
2014-11-03,0.07,0.12,0.52,0.96,1.63,2.05,2.36,2.8,3.07
2014-11-04,0.06,0.11,0.52,0.97,1.63,2.05,2.35,2.78,3.05
2014-11-05,0.07,0.11,0.52,0.97,1.63,2.05,2.36,2.79,3.06
2014-11-06,0.06,0.12,0.54,1.01,1.67,2.09,2.39,2.83,3.09
2014-11-07,0.06,0.12,0.51,0.95,1.6,2.01,2.32,2.76,3.04
2014-11-10,0.07,0.13,0.55,1.0,1.65,2.07,2.38,2.81,3.09
2014-11-12,0.07,0.14,0.55,1.0,1.65,2.06,2.37,2.81,3.09
2014-11-13,0.08,0.15,0.53,0.97,1.64,2.05,2.35,2.8,3.08
2014-11-14,0.07,0.15,0.54,0.96,1.62,2.02,2.32,2.77,3.04
2014-11-17,0.07,0.15,0.54,0.96,1.64,2.04,2.34,2.79,3.06
2014-11-18,0.07,0.14,0.53,0.96,1.63,2.03,2.32,2.77,3.05
2014-11-19,0.07,0.15,0.54,0.99,1.66,2.07,2.36,2.8,3.08
2014-11-20,0.07,0.14,0.53,0.97,1.64,2.05,2.34,2.78,3.05
2014-11-21,0.07,0.14,0.53,0.96,1.63,2.03,2.31,2.75,3.02
2014-11-24,0.08,0.14,0.53,0.95,1.62,2.02,2.3,2.74,3.01
2014-11-25,0.07,0.14,0.51,0.94,1.58,1.98,2.27,2.69,2.97
2014-11-26,0.07,0.14,0.53,0.93,1.56,1.96,2.24,2.67,2.95
2014-11-28,0.07,0.13,0.47,0.88,1.49,1.89,2.18,2.62,2.89
2014-12-01,0.08,0.13,0.49,0.9,1.52,1.93,2.22,2.66,2.95
2014-12-02,0.08,0.14,0.55,0.96,1.59,2.0,2.28,2.72,3.0
2014-12-03,0.07,0.15,0.57,0.98,1.61,2.01,2.29,2.71,2.99
2014-12-04,0.08,0.14,0.55,0.97,1.59,1.98,2.25,2.66,2.94
2014-12-05,0.08,0.18,0.65,1.09,1.69,2.06,2.31,2.69,2.97
2014-12-08,0.1,0.18,0.64,1.1,1.67,2.02,2.26,2.62,2.9
2014-12-09,0.11,0.23,0.64,1.07,1.63,1.97,2.22,2.58,2.87
2014-12-10,0.1,0.21,0.59,1.01,1.58,1.92,2.18,2.54,2.83
2014-12-11,0.09,0.21,0.62,1.05,1.62,1.96,2.19,2.54,2.84
2014-12-12,0.09,0.19,0.56,0.98,1.53,1.86,2.1,2.45,2.75
2014-12-15,0.11,0.22,0.6,1.03,1.58,1.9,2.12,2.45,2.74
2014-12-16,0.11,0.21,0.58,0.99,1.53,1.85,2.07,2.4,2.69
2014-12-17,0.11,0.23,0.62,1.06,1.61,1.93,2.14,2.46,2.74
2014-12-18,0.12,0.25,0.67,1.1,1.68,2.01,2.22,2.54,2.82
2014-12-19,0.11,0.26,0.67,1.1,1.66,1.98,2.17,2.48,2.77
2014-12-22,0.16,0.28,0.71,1.13,1.67,1.98,2.17,2.47,2.75
2014-12-23,0.14,0.26,0.73,1.17,1.76,2.06,2.26,2.57,2.85
2014-12-24,0.14,0.26,0.73,1.18,1.76,2.09,2.27,2.56,2.83
2014-12-26,0.1,0.26,0.73,1.19,1.75,2.07,2.25,2.54,2.81
2014-12-29,0.12,0.25,0.72,1.14,1.72,2.02,2.22,2.51,2.78
2014-12-30,0.12,0.23,0.69,1.11,1.68,2.0,2.2,2.49,2.76
2014-12-31,0.12,0.25,0.67,1.1,1.65,1.97,2.17,2.47,2.75
2015-01-02,0.11,0.25,0.66,1.07,1.61,1.92,2.12,2.41,2.69
2015-01-05,0.1,0.26,0.68,1.06,1.57,1.85,2.04,2.32,2.6
2015-01-06,0.1,0.25,0.65,1.02,1.5,1.78,1.97,2.25,2.52
2015-01-07,0.09,0.25,0.62,1.0,1.47,1.76,1.96,2.25,2.52
2015-01-08,0.08,0.23,0.62,1.0,1.5,1.81,2.03,2.33,2.59
2015-01-09,0.08,0.22,0.59,0.96,1.45,1.75,1.98,2.29,2.55
2015-01-12,0.09,0.19,0.56,0.91,1.39,1.69,1.92,2.23,2.49
2015-01-13,0.08,0.2,0.54,0.88,1.37,1.67,1.91,2.24,2.49
2015-01-14,0.09,0.18,0.51,0.83,1.33,1.62,1.86,2.2,2.47
2015-01-15,0.08,0.16,0.44,0.75,1.22,1.53,1.77,2.12,2.4
2015-01-16,0.07,0.17,0.49,0.8,1.29,1.6,1.83,2.17,2.44
2015-01-20,0.08,0.17,0.53,0.85,1.31,1.61,1.82,2.15,2.39
2015-01-21,0.08,0.17,0.53,0.87,1.35,1.66,1.87,2.2,2.44
2015-01-22,0.08,0.17,0.53,0.9,1.39,1.69,1.9,2.21,2.46
2015-01-23,0.07,0.17,0.52,0.86,1.33,1.62,1.81,2.12,2.38
2015-01-26,0.08,0.18,0.54,0.89,1.36,1.64,1.83,2.14,2.4
2015-01-27,0.08,0.17,0.54,0.87,1.34,1.62,1.83,2.15,2.4
2015-01-28,0.08,0.17,0.5,0.81,1.25,1.53,1.73,2.05,2.29
2015-01-29,0.07,0.17,0.51,0.84,1.28,1.59,1.77,2.11,2.33
2015-01-30,0.07,0.18,0.47,0.77,1.18,1.49,1.68,2.04,2.25
2015-02-02,0.07,0.17,0.49,0.78,1.19,1.49,1.68,2.07,2.25
2015-02-03,0.07,0.21,0.52,0.85,1.28,1.6,1.79,2.16,2.37
2015-02-04,0.06,0.2,0.52,0.86,1.29,1.61,1.81,2.17,2.39
2015-02-05,0.06,0.2,0.52,0.87,1.3,1.62,1.83,2.2,2.42
2015-02-06,0.07,0.26,0.65,1.03,1.48,1.77,1.95,2.28,2.51
2015-02-09,0.08,0.24,0.65,1.04,1.49,1.78,1.96,2.28,2.52
2015-02-10,0.08,0.25,0.67,1.05,1.52,1.82,2.01,2.33,2.58
2015-02-11,0.07,0.24,0.67,1.06,1.53,1.83,2.0,2.33,2.57
2015-02-12,0.07,0.23,0.61,1.02,1.5,1.81,1.99,2.33,2.58
2015-02-13,0.07,0.23,0.66,1.03,1.53,1.84,2.02,2.39,2.63
2015-02-17,0.07,0.25,0.7,1.1,1.62,1.95,2.14,2.49,2.73
2015-02-18,0.07,0.23,0.62,1.0,1.52,1.86,2.07,2.46,2.7
2015-02-19,0.07,0.23,0.67,1.05,1.58,1.92,2.11,2.5,2.73
2015-02-20,0.07,0.23,0.67,1.07,1.61,1.94,2.13,2.5,2.73
2015-02-23,0.08,0.22,0.64,1.03,1.56,1.88,2.06,2.44,2.66
2015-02-24,0.08,0.22,0.6,0.97,1.47,1.79,1.99,2.38,2.6
2015-02-25,0.07,0.21,0.61,0.98,1.47,1.78,1.96,2.35,2.56
2015-02-26,0.07,0.22,0.66,1.04,1.54,1.86,2.03,2.39,2.63
2015-02-27,0.07,0.22,0.63,1.01,1.5,1.82,2.0,2.38,2.6
2015-03-02,0.08,0.22,0.66,1.06,1.57,1.89,2.08,2.46,2.68
2015-03-03,0.08,0.26,0.68,1.09,1.61,1.94,2.12,2.49,2.71
2015-03-04,0.08,0.26,0.66,1.07,1.6,1.93,2.12,2.49,2.72
2015-03-05,0.08,0.25,0.65,1.05,1.57,1.9,2.11,2.49,2.71
2015-03-06,0.08,0.27,0.73,1.16,1.7,2.04,2.24,2.63,2.83
2015-03-09,0.1,0.27,0.7,1.13,1.66,1.99,2.2,2.58,2.8
2015-03-10,0.1,0.25,0.7,1.1,1.62,1.94,2.14,2.51,2.73
2015-03-11,0.1,0.25,0.7,1.09,1.6,1.92,2.11,2.47,2.69
2015-03-12,0.1,0.24,0.67,1.06,1.59,1.91,2.1,2.47,2.69
2015-03-13,0.11,0.24,0.68,1.07,1.6,1.93,2.13,2.48,2.7
2015-03-16,0.15,0.26,0.66,1.06,1.57,1.9,2.1,2.45,2.67
2015-03-17,0.15,0.27,0.7,1.07,1.56,1.87,2.06,2.4,2.61
2015-03-18,0.12,0.23,0.57,0.92,1.41,1.73,1.93,2.31,2.51
2015-03-19,0.12,0.26,0.63,0.99,1.48,1.79,1.98,2.33,2.54
2015-03-20,0.11,0.24,0.6,0.95,1.42,1.73,1.93,2.29,2.5
2015-03-23,0.11,0.24,0.6,0.93,1.41,1.71,1.92,2.29,2.51
2015-03-24,0.11,0.24,0.58,0.91,1.37,1.68,1.88,2.24,2.46
2015-03-25,0.11,0.25,0.59,0.94,1.41,1.73,1.93,2.28,2.5
2015-03-26,0.13,0.28,0.61,0.98,1.47,1.81,2.01,2.37,2.6
2015-03-27,0.12,0.27,0.58,0.92,1.42,1.74,1.95,2.29,2.53
2015-03-30,0.14,0.27,0.58,0.93,1.41,1.74,1.96,2.32,2.55
2015-03-31,0.14,0.26,0.56,0.89,1.37,1.71,1.94,2.31,2.54
2015-04-01,0.12,0.27,0.55,0.86,1.32,1.65,1.87,2.23,2.47
2015-04-02,0.1,0.25,0.55,0.87,1.35,1.69,1.92,2.29,2.53
2015-04-03,0.1,0.21,0.49,0.8,1.26,1.6,1.85,2.24,2.49
2015-04-06,0.1,0.21,0.51,0.83,1.31,1.67,1.92,2.31,2.57
2015-04-07,0.1,0.22,0.52,0.85,1.32,1.66,1.89,2.27,2.52
2015-04-08,0.1,0.22,0.54,0.86,1.35,1.68,1.92,2.28,2.53
2015-04-09,0.1,0.22,0.56,0.89,1.4,1.73,1.97,2.35,2.61
2015-04-10,0.09,0.24,0.57,0.91,1.41,1.73,1.96,2.33,2.58
2015-04-13,0.11,0.23,0.54,0.89,1.38,1.71,1.94,2.33,2.58
2015-04-14,0.1,0.23,0.53,0.85,1.34,1.67,1.9,2.29,2.54
2015-04-15,0.08,0.23,0.51,0.85,1.33,1.66,1.91,2.3,2.55
2015-04-16,0.08,0.22,0.5,0.81,1.31,1.64,1.9,2.31,2.56
2015-04-17,0.08,0.23,0.51,0.84,1.31,1.63,1.87,2.26,2.51
2015-04-20,0.1,0.24,0.55,0.86,1.33,1.65,1.9,2.31,2.56
2015-04-21,0.09,0.23,0.55,0.86,1.35,1.67,1.92,2.33,2.58
2015-04-22,0.1,0.23,0.57,0.91,1.41,1.75,1.99,2.42,2.66
2015-04-23,0.09,0.24,0.55,0.87,1.37,1.7,1.96,2.38,2.63
2015-04-24,0.1,0.24,0.54,0.84,1.34,1.68,1.93,2.36,2.62
2015-04-27,0.1,0.25,0.54,0.87,1.36,1.69,1.94,2.36,2.61
2015-04-28,0.09,0.24,0.56,0.9,1.39,1.75,2.0,2.42,2.68
2015-04-29,0.07,0.25,0.56,0.91,1.43,1.8,2.06,2.49,2.76
2015-04-30,0.06,0.24,0.58,0.91,1.43,1.79,2.05,2.49,2.75
2015-05-01,0.05,0.25,0.6,0.97,1.5,1.87,2.12,2.57,2.82
2015-05-04,0.08,0.25,0.6,0.96,1.51,1.9,2.16,2.62,2.88
2015-05-05,0.08,0.24,0.62,1.0,1.54,1.92,2.19,2.64,2.9
2015-05-06,0.08,0.25,0.65,1.03,1.58,1.97,2.25,2.72,2.98
2015-05-07,0.08,0.24,0.63,1.02,1.55,1.93,2.18,2.63,2.9
2015-05-08,0.08,0.23,0.59,0.96,1.5,1.89,2.16,2.63,2.9
2015-05-11,0.09,0.25,0.62,1.02,1.59,2.0,2.28,2.76,3.03
2015-05-12,0.09,0.25,0.61,1.0,1.58,2.0,2.28,2.75,3.02
2015-05-13,0.09,0.24,0.59,0.97,1.57,2.0,2.27,2.79,3.07
2015-05-14,0.08,0.23,0.56,0.91,1.51,1.94,2.23,2.76,3.03
2015-05-15,0.09,0.23,0.55,0.9,1.46,1.87,2.14,2.66,2.93
2015-05-18,0.08,0.22,0.58,0.95,1.54,1.95,2.23,2.75,3.02
2015-05-19,0.07,0.23,0.63,1.01,1.6,2.01,2.27,2.79,3.05
2015-05-20,0.08,0.23,0.6,0.98,1.57,1.98,2.26,2.79,3.06
2015-05-21,0.07,0.22,0.6,0.95,1.53,1.92,2.19,2.71,2.98
2015-05-22,0.08,0.23,0.64,1.01,1.57,1.96,2.21,2.73,2.99
2015-05-26,0.09,0.24,0.64,0.99,1.54,1.9,2.14,2.64,2.89
2015-05-27,0.09,0.27,0.64,1.0,1.53,1.9,2.14,2.63,2.88
2015-05-28,0.08,0.26,0.62,0.97,1.51,1.89,2.13,2.64,2.89
2015-05-29,0.06,0.26,0.61,0.94,1.49,1.86,2.12,2.63,2.88
2015-06-01,0.07,0.26,0.64,0.99,1.55,1.93,2.19,2.69,2.94
2015-06-02,0.07,0.26,0.64,1.02,1.61,2.01,2.27,2.77,3.02
2015-06-03,0.07,0.26,0.69,1.07,1.69,2.12,2.38,2.87,3.11
2015-06-04,0.08,0.27,0.66,1.04,1.65,2.05,2.31,2.78,3.03
2015-06-05,0.08,0.29,0.73,1.13,1.75,2.16,2.41,2.87,3.11
2015-06-08,0.09,0.27,0.7,1.09,1.72,2.13,2.39,2.86,3.11
2015-06-09,0.08,0.27,0.72,1.12,1.74,2.16,2.42,2.89,3.15
2015-06-10,0.1,0.28,0.75,1.15,1.8,2.22,2.5,2.96,3.22
2015-06-11,0.1,0.28,0.73,1.12,1.74,2.14,2.39,2.84,3.11
2015-06-12,0.1,0.28,0.74,1.12,1.75,2.15,2.39,2.84,3.1
2015-06-15,0.11,0.28,0.72,1.1,1.71,2.11,2.36,2.83,3.09
2015-06-16,0.11,0.28,0.71,1.08,1.68,2.07,2.32,2.79,3.06
2015-06-17,0.1,0.27,0.67,1.03,1.63,2.05,2.32,2.82,3.09
2015-06-18,0.08,0.26,0.66,1.03,1.65,2.08,2.35,2.86,3.14
2015-06-19,0.05,0.25,0.65,0.99,1.59,1.99,2.26,2.76,3.05
2015-06-22,0.08,0.27,0.68,1.06,1.68,2.1,2.37,2.87,3.16
2015-06-23,0.09,0.3,0.7,1.07,1.71,2.14,2.42,2.92,3.2
2015-06-24,0.08,0.3,0.68,1.06,1.69,2.12,2.38,2.87,3.16
2015-06-25,0.07,0.29,0.68,1.06,1.7,2.14,2.4,2.88,3.16
2015-06-26,0.08,0.29,0.72,1.09,1.75,2.2,2.49,2.98,3.25
2015-06-29,0.11,0.27,0.64,1.0,1.62,2.05,2.33,2.82,3.09
2015-06-30,0.11,0.28,0.64,1.01,1.63,2.07,2.35,2.83,3.11
2015-07-01,0.13,0.28,0.69,1.08,1.7,2.14,2.43,2.92,3.2
2015-07-02,0.1,0.26,0.64,1.01,1.64,2.09,2.4,2.9,3.19
2015-07-06,0.09,0.26,0.6,0.95,1.56,2.0,2.3,2.78,3.08
2015-07-07,0.08,0.25,0.58,0.96,1.55,1.98,2.27,2.74,3.04
2015-07-08,0.08,0.24,0.55,0.91,1.5,1.92,2.22,2.69,2.99
2015-07-09,0.08,0.25,0.6,0.95,1.58,2.01,2.32,2.8,3.11
2015-07-10,0.09,0.28,0.65,1.04,1.68,2.12,2.42,2.91,3.2
2015-07-13,0.1,0.28,0.69,1.06,1.71,2.14,2.44,2.92,3.21
2015-07-14,0.1,0.27,0.66,1.03,1.67,2.1,2.41,2.9,3.2
2015-07-15,0.11,0.28,0.64,1.0,1.63,2.05,2.36,2.83,3.13
2015-07-16,0.1,0.29,0.67,1.05,1.66,2.07,2.36,2.81,3.11
2015-07-17,0.11,0.29,0.68,1.05,1.67,2.07,2.34,2.77,3.08
2015-07-20,0.14,0.31,0.71,1.09,1.72,2.11,2.38,2.79,3.1
2015-07-21,0.13,0.34,0.71,1.07,1.69,2.08,2.35,2.77,3.08
2015-07-22,0.13,0.34,0.75,1.08,1.69,2.07,2.33,2.73,3.04
2015-07-23,0.13,0.33,0.71,1.06,1.65,2.03,2.28,2.67,2.98
2015-07-24,0.14,0.32,0.7,1.04,1.64,2.02,2.27,2.67,2.96
2015-07-27,0.15,0.32,0.68,1.0,1.58,1.96,2.23,2.64,2.93
2015-07-28,0.14,0.32,0.69,1.03,1.61,1.99,2.26,2.66,2.96
2015-07-29,0.14,0.33,0.7,1.05,1.62,2.02,2.29,2.69,2.99
2015-07-30,0.15,0.36,0.72,1.07,1.62,2.02,2.28,2.66,2.96
2015-07-31,0.14,0.33,0.67,1.0,1.54,1.93,2.2,2.61,2.92
2015-08-03,0.17,0.33,0.68,0.99,1.52,1.89,2.16,2.55,2.86
2015-08-04,0.18,0.37,0.74,1.08,1.6,1.97,2.23,2.59,2.9
2015-08-05,0.19,0.38,0.73,1.1,1.65,2.02,2.28,2.64,2.94
2015-08-06,0.2,0.35,0.71,1.08,1.62,1.98,2.23,2.59,2.9
2015-08-07,0.23,0.38,0.73,1.08,1.59,1.93,2.18,2.52,2.83
2015-08-10,0.24,0.4,0.73,1.09,1.62,1.98,2.24,2.58,2.89
2015-08-11,0.23,0.37,0.68,1.03,1.53,1.89,2.15,2.5,2.81
2015-08-12,0.22,0.37,0.67,1.01,1.52,1.88,2.14,2.52,2.84
2015-08-13,0.24,0.4,0.72,1.06,1.58,1.94,2.19,2.54,2.86
2015-08-14,0.25,0.41,0.73,1.08,1.61,1.96,2.2,2.54,2.84
2015-08-17,0.24,0.4,0.72,1.07,1.58,1.92,2.16,2.51,2.81
2015-08-18,0.25,0.42,0.74,1.07,1.6,1.95,2.2,2.56,2.87
2015-08-19,0.22,0.39,0.67,0.98,1.5,1.85,2.12,2.49,2.81
2015-08-20,0.22,0.39,0.69,1.0,1.5,1.84,2.09,2.45,2.76
2015-08-21,0.21,0.36,0.64,0.95,1.44,1.79,2.05,2.44,2.74
2015-08-24,0.2,0.33,0.59,0.9,1.39,1.75,2.01,2.42,2.73
2015-08-25,0.19,0.36,0.67,0.98,1.48,1.86,2.12,2.54,2.84
2015-08-26,0.2,0.35,0.67,0.98,1.49,1.9,2.18,2.64,2.94
2015-08-27,0.22,0.36,0.68,0.99,1.49,1.91,2.18,2.61,2.93
2015-08-28,0.25,0.38,0.72,1.04,1.52,1.92,2.19,2.61,2.92
2015-08-31,0.27,0.39,0.74,1.07,1.54,1.94,2.21,2.64,2.95
2015-09-01,0.26,0.39,0.7,1.03,1.49,1.89,2.17,2.62,2.93
2015-09-02,0.25,0.37,0.72,1.04,1.52,1.92,2.2,2.66,2.97
2015-09-03,0.24,0.36,0.71,1.0,1.49,1.9,2.18,2.64,2.95
2015-09-04,0.23,0.36,0.71,1.0,1.47,1.85,2.13,2.58,2.89
2015-09-08,0.27,0.39,0.74,1.05,1.53,1.92,2.2,2.66,2.97
2015-09-09,0.26,0.39,0.75,1.06,1.53,1.91,2.21,2.64,2.96
2015-09-10,0.25,0.39,0.75,1.06,1.55,1.93,2.23,2.66,2.98
2015-09-11,0.25,0.4,0.71,1.03,1.52,1.89,2.2,2.63,2.95
2015-09-14,0.26,0.4,0.73,1.03,1.51,1.88,2.18,2.62,2.95
2015-09-15,0.27,0.47,0.82,1.12,1.61,1.99,2.28,2.73,3.06
2015-09-16,0.24,0.46,0.82,1.13,1.62,2.01,2.3,2.75,3.08
2015-09-17,0.16,0.39,0.7,1.0,1.5,1.9,2.21,2.69,3.02
2015-09-18,0.1,0.35,0.69,0.97,1.45,1.83,2.13,2.58,2.93
2015-09-21,0.11,0.36,0.72,1.01,1.51,1.9,2.2,2.67,3.02
2015-09-22,0.1,0.35,0.69,0.97,1.44,1.83,2.14,2.6,2.94
2015-09-23,0.09,0.34,0.7,1.0,1.47,1.85,2.16,2.6,2.95
2015-09-24,0.09,0.32,0.67,0.97,1.44,1.84,2.13,2.55,2.91
2015-09-25,0.07,0.35,0.7,1.0,1.48,1.87,2.17,2.6,2.96
2015-09-28,0.1,0.34,0.67,0.97,1.42,1.8,2.1,2.51,2.87
2015-09-29,0.09,0.33,0.64,0.92,1.37,1.74,2.05,2.48,2.85
2015-09-30,0.08,0.33,0.64,0.92,1.37,1.75,2.06,2.51,2.87
2015-10-01,0.08,0.31,0.64,0.92,1.37,1.75,2.05,2.49,2.85
2015-10-02,0.06,0.25,0.58,0.85,1.29,1.67,1.99,2.44,2.82
2015-10-05,0.06,0.26,0.61,0.89,1.35,1.74,2.07,2.52,2.9
2015-10-06,0.07,0.26,0.61,0.9,1.34,1.72,2.05,2.5,2.88
2015-10-07,0.08,0.27,0.65,0.92,1.37,1.75,2.08,2.51,2.89
2015-10-08,0.07,0.27,0.65,0.93,1.4,1.79,2.12,2.56,2.96
2015-10-09,0.07,0.28,0.65,0.96,1.41,1.8,2.12,2.55,2.94
2015-10-13,0.08,0.27,0.64,0.92,1.36,1.74,2.06,2.49,2.89
2015-10-14,0.08,0.21,0.57,0.84,1.29,1.66,1.99,2.42,2.84
2015-10-15,0.08,0.22,0.61,0.9,1.34,1.72,2.04,2.46,2.87
2015-10-16,0.07,0.23,0.61,0.91,1.36,1.73,2.04,2.46,2.87
2015-10-19,0.12,0.23,0.61,0.89,1.35,1.73,2.04,2.48,2.89
2015-10-20,0.12,0.23,0.66,0.93,1.4,1.78,2.08,2.53,2.92
2015-10-21,0.12,0.23,0.64,0.91,1.37,1.74,2.04,2.48,2.87
2015-10-22,0.11,0.23,0.61,0.89,1.36,1.74,2.04,2.48,2.87
2015-10-23,0.13,0.24,0.66,0.94,1.43,1.81,2.09,2.54,2.9
2015-10-26,0.16,0.25,0.66,0.94,1.41,1.78,2.07,2.5,2.87
2015-10-27,0.18,0.29,0.65,0.92,1.38,1.75,2.05,2.48,2.86
2015-10-28,0.21,0.33,0.73,1.0,1.47,1.83,2.1,2.5,2.87
2015-10-29,0.21,0.33,0.75,1.05,1.53,1.9,2.19,2.6,2.96
2015-10-30,0.23,0.34,0.75,1.05,1.52,1.88,2.16,2.57,2.93
2015-11-02,0.27,0.37,0.77,1.08,1.57,1.93,2.2,2.6,2.95
2015-11-03,0.26,0.39,0.8,1.1,1.59,1.96,2.23,2.65,3.0
2015-11-04,0.27,0.4,0.84,1.16,1.64,1.99,2.25,2.66,3.0
2015-11-05,0.27,0.42,0.85,1.16,1.65,2.0,2.26,2.68,3.01
2015-11-06,0.32,0.47,0.9,1.23,1.73,2.09,2.34,2.76,3.09
2015-11-09,0.34,0.47,0.89,1.27,1.75,2.11,2.36,2.79,3.12
2015-11-10,0.34,0.51,0.87,1.22,1.72,2.08,2.32,2.76,3.1
2015-11-12,0.35,0.51,0.89,1.24,1.73,2.09,2.32,2.75,3.09
2015-11-13,0.31,0.5,0.86,1.2,1.67,2.05,2.28,2.72,3.06
2015-11-16,0.33,0.5,0.88,1.18,1.66,2.02,2.27,2.72,3.07
2015-11-17,0.34,0.5,0.86,1.18,1.66,2.02,2.25,2.69,3.04
2015-11-18,0.31,0.49,0.9,1.21,1.69,2.04,2.27,2.7,3.04
2015-11-19,0.31,0.49,0.91,1.21,1.68,2.02,2.24,2.66,3.0
2015-11-20,0.31,0.49,0.93,1.23,1.7,2.04,2.26,2.68,3.02
2015-11-23,0.35,0.5,0.94,1.26,1.7,2.03,2.25,2.66,3.0
2015-11-24,0.36,0.52,0.93,1.23,1.66,2.01,2.24,2.65,3.0
2015-11-25,0.39,0.52,0.93,1.25,1.66,2.01,2.23,2.64,3.0
2015-11-27,0.38,0.5,0.92,1.23,1.64,1.99,2.22,2.64,3.0
2015-11-30,0.42,0.51,0.94,1.24,1.65,1.99,2.21,2.63,2.98
2015-12-01,0.42,0.51,0.91,1.19,1.59,1.93,2.15,2.55,2.91
2015-12-02,0.42,0.52,0.94,1.23,1.63,1.97,2.18,2.55,2.91
2015-12-03,0.45,0.57,0.96,1.27,1.74,2.1,2.33,2.72,3.07
2015-12-04,0.49,0.6,0.96,1.25,1.71,2.06,2.28,2.65,3.01
2015-12-07,0.57,0.67,0.94,1.24,1.67,2.02,2.23,2.59,2.95
2015-12-08,0.58,0.76,0.94,1.25,1.68,2.02,2.24,2.61,2.97
2015-12-09,0.53,0.72,0.93,1.22,1.64,1.99,2.22,2.59,2.97
2015-12-10,0.55,0.71,0.95,1.25,1.68,2.03,2.24,2.6,2.98
2015-12-11,0.52,0.68,0.88,1.16,1.56,1.91,2.13,2.49,2.87
2015-12-14,0.54,0.68,0.97,1.25,1.66,2.02,2.23,2.59,2.96
2015-12-15,0.54,0.69,0.98,1.29,1.71,2.06,2.28,2.62,3.0
2015-12-16,0.51,0.7,1.02,1.35,1.75,2.11,2.3,2.65,3.02
2015-12-17,0.48,0.69,1.0,1.33,1.73,2.05,2.24,2.57,2.94
2015-12-18,0.47,0.67,0.97,1.27,1.67,2.0,2.19,2.54,2.9
2015-12-21,0.51,0.64,0.96,1.28,1.67,2.0,2.2,2.55,2.92
2015-12-22,0.47,0.66,0.99,1.31,1.71,2.04,2.24,2.6,2.96
2015-12-23,0.47,0.65,1.01,1.32,1.74,2.07,2.27,2.64,3.0
2015-12-24,0.49,0.64,1.03,1.33,1.73,2.06,2.25,2.61,2.96
2015-12-28,0.51,0.66,1.05,1.33,1.73,2.05,2.24,2.59,2.95
2015-12-29,0.5,0.67,1.09,1.38,1.81,2.12,2.32,2.69,3.04
2015-12-30,0.47,0.64,1.08,1.36,1.8,2.14,2.31,2.69,3.04
2015-12-31,0.49,0.65,1.06,1.31,1.76,2.09,2.27,2.67,3.01
2016-01-04,0.49,0.61,1.02,1.31,1.73,2.06,2.24,2.64,2.98
2016-01-05,0.49,0.68,1.04,1.32,1.73,2.06,2.25,2.67,3.01
2016-01-06,0.47,0.67,0.99,1.26,1.65,1.98,2.18,2.59,2.94
2016-01-07,0.46,0.66,0.96,1.22,1.61,1.94,2.16,2.56,2.92
2016-01-08,0.45,0.64,0.94,1.2,1.57,1.91,2.13,2.55,2.91
2016-01-11,0.48,0.63,0.94,1.2,1.58,1.94,2.17,2.59,2.96
2016-01-12,0.47,0.62,0.93,1.18,1.55,1.88,2.12,2.51,2.89
2016-01-13,0.46,0.6,0.91,1.15,1.51,1.85,2.08,2.47,2.85
2016-01-14,0.43,0.55,0.9,1.14,1.52,1.87,2.1,2.51,2.9
2016-01-15,0.37,0.49,0.85,1.08,1.46,1.79,2.03,2.44,2.81
2016-01-19,0.37,0.48,0.88,1.11,1.49,1.82,2.06,2.45,2.82
2016-01-20,0.35,0.43,0.85,1.06,1.44,1.76,2.01,2.41,2.77
2016-01-21,0.38,0.44,0.84,1.06,1.44,1.77,2.02,2.42,2.79
2016-01-22,0.41,0.47,0.88,1.11,1.49,1.81,2.07,2.46,2.83
2016-01-25,0.42,0.47,0.88,1.1,1.47,1.79,2.03,2.42,2.8
2016-01-26,0.45,0.47,0.85,1.07,1.45,1.76,2.01,2.41,2.79
2016-01-27,0.43,0.47,0.84,1.07,1.43,1.76,2.02,2.42,2.8
2016-01-28,0.45,0.47,0.83,1.05,1.4,1.75,2.0,2.41,2.79
2016-01-29,0.43,0.47,0.76,0.97,1.33,1.67,1.94,2.36,2.75
2016-02-01,0.47,0.47,0.81,1.01,1.38,1.72,1.97,2.38,2.77
2016-02-02,0.47,0.54,0.75,0.93,1.28,1.61,1.87,2.27,2.67
2016-02-03,0.46,0.54,0.72,0.91,1.27,1.61,1.88,2.3,2.7
2016-02-04,0.43,0.52,0.7,0.9,1.25,1.6,1.87,2.29,2.7
2016-02-05,0.45,0.55,0.74,0.91,1.25,1.58,1.86,2.27,2.68
2016-02-08,0.42,0.51,0.66,0.83,1.16,1.48,1.75,2.17,2.56
2016-02-09,0.43,0.52,0.69,0.85,1.15,1.47,1.74,2.16,2.55
2016-02-10,0.42,0.52,0.71,0.85,1.15,1.46,1.71,2.13,2.53
2016-02-11,0.39,0.47,0.64,0.81,1.11,1.39,1.63,2.06,2.5
2016-02-12,0.39,0.51,0.71,0.89,1.2,1.5,1.74,2.15,2.6
2016-02-16,0.42,0.51,0.74,0.91,1.23,1.53,1.78,2.19,2.64
2016-02-17,0.43,0.53,0.74,0.93,1.26,1.57,1.81,2.24,2.68
2016-02-18,0.45,0.53,0.71,0.88,1.21,1.51,1.75,2.17,2.62
2016-02-19,0.46,0.53,0.76,0.91,1.24,1.53,1.76,2.17,2.61
2016-02-22,0.46,0.55,0.78,0.92,1.25,1.54,1.77,2.18,2.62
2016-02-23,0.47,0.55,0.76,0.9,1.23,1.51,1.74,2.16,2.6
2016-02-24,0.46,0.55,0.75,0.9,1.21,1.52,1.75,2.16,2.61
2016-02-25,0.46,0.56,0.72,0.85,1.16,1.47,1.71,2.14,2.58
2016-02-26,0.47,0.6,0.8,0.93,1.23,1.55,1.76,2.2,2.63
2016-02-29,0.49,0.62,0.78,0.91,1.22,1.52,1.74,2.19,2.61
2016-03-01,0.5,0.68,0.85,0.98,1.31,1.62,1.83,2.28,2.7
2016-03-02,0.48,0.67,0.85,1.0,1.34,1.65,1.84,2.27,2.69
2016-03-03,0.46,0.65,0.85,0.99,1.33,1.63,1.83,2.23,2.65
2016-03-04,0.47,0.67,0.88,1.04,1.38,1.69,1.88,2.29,2.7
2016-03-07,0.49,0.67,0.91,1.08,1.42,1.72,1.91,2.3,2.71
2016-03-08,0.48,0.68,0.88,1.04,1.34,1.64,1.83,2.22,2.63
2016-03-09,0.47,0.68,0.9,1.07,1.39,1.69,1.9,2.27,2.68
2016-03-10,0.5,0.69,0.93,1.11,1.45,1.75,1.93,2.29,2.7
2016-03-11,0.51,0.7,0.97,1.16,1.49,1.79,1.98,2.34,2.75
2016-03-14,0.52,0.7,0.97,1.15,1.49,1.78,1.97,2.33,2.74
2016-03-15,0.52,0.71,0.98,1.16,1.5,1.78,1.97,2.33,2.73
2016-03-16,0.47,0.66,0.87,1.05,1.41,1.72,1.94,2.32,2.73
2016-03-17,0.47,0.64,0.87,1.04,1.39,1.7,1.91,2.28,2.69
2016-03-18,0.44,0.62,0.84,1.0,1.34,1.66,1.88,2.26,2.68
2016-03-21,0.46,0.63,0.87,1.05,1.38,1.7,1.92,2.31,2.72
2016-03-22,0.46,0.64,0.91,1.08,1.42,1.74,1.94,2.32,2.72
2016-03-23,0.46,0.64,0.87,1.03,1.37,1.67,1.88,2.25,2.65
2016-03-24,0.46,0.63,0.89,1.05,1.39,1.7,1.91,2.28,2.67
2016-03-28,0.49,0.65,0.89,1.04,1.37,1.68,1.89,2.26,2.66
2016-03-29,0.45,0.63,0.78,0.94,1.29,1.59,1.81,2.2,2.6
2016-03-30,0.39,0.61,0.76,0.91,1.26,1.6,1.83,2.24,2.65
2016-03-31,0.39,0.59,0.73,0.87,1.21,1.54,1.78,2.2,2.61
2016-04-01,0.4,0.62,0.76,0.9,1.24,1.56,1.79,2.2,2.62
2016-04-04,0.38,0.59,0.75,0.88,1.22,1.53,1.78,2.19,2.6
2016-04-05,0.36,0.56,0.72,0.85,1.17,1.49,1.73,2.13,2.54
2016-04-06,0.36,0.55,0.73,0.88,1.2,1.52,1.76,2.17,2.58
2016-04-07,0.36,0.52,0.7,0.83,1.14,1.46,1.7,2.1,2.52
2016-04-08,0.34,0.54,0.7,0.84,1.16,1.47,1.72,2.13,2.55
2016-04-11,0.34,0.53,0.7,0.85,1.16,1.48,1.73,2.14,2.56
2016-04-12,0.34,0.54,0.74,0.9,1.22,1.54,1.79,2.18,2.61
2016-04-13,0.36,0.55,0.75,0.9,1.22,1.53,1.77,2.16,2.58
2016-04-14,0.37,0.55,0.77,0.92,1.26,1.57,1.8,2.18,2.61
2016-04-15,0.37,0.53,0.74,0.87,1.22,1.52,1.76,2.14,2.56
2016-04-18,0.35,0.52,0.75,0.9,1.24,1.54,1.78,2.17,2.58
2016-04-19,0.36,0.53,0.77,0.92,1.26,1.57,1.79,2.19,2.6
2016-04-20,0.36,0.54,0.8,0.97,1.32,1.63,1.85,2.25,2.66
2016-04-21,0.37,0.56,0.82,0.98,1.35,1.65,1.88,2.29,2.69
2016-04-22,0.38,0.56,0.84,1.01,1.37,1.67,1.89,2.3,2.7
2016-04-25,0.4,0.57,0.85,1.01,1.38,1.69,1.91,2.32,2.72
2016-04-26,0.43,0.61,0.86,1.04,1.4,1.72,1.94,2.35,2.76
2016-04-27,0.4,0.58,0.83,0.99,1.33,1.64,1.87,2.3,2.71
2016-04-28,0.39,0.56,0.78,0.93,1.28,1.6,1.84,2.27,2.68
2016-04-29,0.4,0.56,0.77,0.92,1.28,1.6,1.83,2.26,2.66
2016-05-02,0.41,0.55,0.8,0.96,1.32,1.64,1.88,2.31,2.71
2016-05-03,0.4,0.53,0.75,0.92,1.25,1.57,1.81,2.24,2.66
2016-05-04,0.39,0.52,0.75,0.89,1.23,1.55,1.79,2.22,2.64
2016-05-05,0.39,0.51,0.72,0.87,1.2,1.52,1.76,2.17,2.6
2016-05-06,0.39,0.51,0.74,0.9,1.23,1.55,1.79,2.2,2.62
2016-05-09,0.38,0.51,0.72,0.86,1.2,1.51,1.77,2.18,2.61
2016-05-10,0.36,0.52,0.72,0.88,1.2,1.52,1.77,2.18,2.61
2016-05-11,0.37,0.53,0.74,0.87,1.2,1.51,1.73,2.15,2.58
2016-05-12,0.37,0.54,0.76,0.92,1.24,1.54,1.75,2.18,2.6
2016-05-13,0.38,0.55,0.76,0.91,1.22,1.51,1.71,2.14,2.55
2016-05-16,0.38,0.57,0.79,0.94,1.26,1.55,1.75,2.18,2.59
2016-05-17,0.4,0.58,0.82,0.97,1.29,1.57,1.76,2.18,2.59
2016-05-18,0.43,0.63,0.9,1.08,1.41,1.69,1.87,2.27,2.67
2016-05-19,0.43,0.64,0.89,1.06,1.38,1.67,1.85,2.24,2.64
2016-05-20,0.46,0.67,0.89,1.05,1.38,1.65,1.85,2.24,2.63
2016-05-23,0.48,0.69,0.91,1.05,1.38,1.65,1.84,2.23,2.63
2016-05-24,0.48,0.69,0.92,1.08,1.41,1.68,1.86,2.25,2.65
2016-05-25,0.47,0.67,0.92,1.08,1.4,1.69,1.87,2.27,2.67
2016-05-26,0.46,0.65,0.87,1.03,1.35,1.65,1.83,2.24,2.64
2016-05-27,0.47,0.68,0.9,1.06,1.39,1.67,1.85,2.25,2.65
2016-05-31,0.49,0.68,0.87,1.03,1.37,1.66,1.84,2.23,2.64
2016-06-01,0.49,0.7,0.91,1.07,1.39,1.67,1.85,2.22,2.63
2016-06-02,0.48,0.68,0.89,1.03,1.36,1.63,1.81,2.17,2.58
2016-06-03,0.43,0.6,0.78,0.92,1.23,1.5,1.71,2.09,2.52
2016-06-06,0.43,0.6,0.8,0.94,1.25,1.53,1.73,2.12,2.55
2016-06-07,0.43,0.59,0.78,0.94,1.23,1.51,1.72,2.1,2.54
2016-06-08,0.43,0.6,0.78,0.93,1.23,1.51,1.71,2.08,2.51
2016-06-09,0.43,0.59,0.77,0.91,1.22,1.49,1.68,2.05,2.48
2016-06-10,0.42,0.57,0.73,0.87,1.17,1.44,1.64,2.02,2.44
2016-06-13,0.4,0.55,0.73,0.84,1.14,1.42,1.62,2.01,2.43
2016-06-14,0.41,0.55,0.74,0.85,1.15,1.42,1.62,2.0,2.43
2016-06-15,0.37,0.52,0.69,0.81,1.1,1.38,1.6,1.99,2.43
2016-06-16,0.36,0.53,0.7,0.81,1.1,1.37,1.57,1.96,2.39
2016-06-17,0.37,0.51,0.7,0.83,1.13,1.41,1.62,1.99,2.43
2016-06-20,0.41,0.56,0.74,0.87,1.17,1.45,1.67,2.03,2.47
2016-06-21,0.41,0.57,0.76,0.89,1.22,1.49,1.71,2.07,2.5
2016-06-22,0.4,0.56,0.75,0.88,1.2,1.49,1.69,2.06,2.5
2016-06-23,0.43,0.58,0.78,0.92,1.25,1.54,1.74,2.12,2.55
2016-06-24,0.38,0.48,0.64,0.76,1.08,1.35,1.57,1.96,2.42
2016-06-27,0.35,0.45,0.61,0.7,1.0,1.26,1.46,1.83,2.28
2016-06-28,0.35,0.45,0.61,0.71,1.0,1.26,1.46,1.83,2.27
2016-06-29,0.35,0.46,0.62,0.74,1.03,1.3,1.5,1.86,2.3
2016-06-30,0.36,0.45,0.58,0.71,1.01,1.29,1.49,1.86,2.3
2016-07-01,0.37,0.45,0.59,0.71,1.0,1.27,1.46,1.81,2.24
2016-07-05,0.35,0.44,0.56,0.66,0.94,1.19,1.37,1.72,2.14
2016-07-06,0.36,0.46,0.58,0.69,0.95,1.2,1.38,1.72,2.14
2016-07-07,0.37,0.47,0.58,0.69,0.97,1.21,1.4,1.72,2.14
2016-07-08,0.36,0.48,0.61,0.71,0.95,1.19,1.37,1.69,2.11
2016-07-11,0.4,0.5,0.66,0.77,1.03,1.27,1.43,1.73,2.14
2016-07-12,0.4,0.52,0.69,0.81,1.1,1.35,1.53,1.82,2.24
2016-07-13,0.4,0.51,0.68,0.8,1.07,1.32,1.48,1.77,2.18
2016-07-14,0.41,0.53,0.68,0.82,1.1,1.36,1.53,1.84,2.25
2016-07-15,0.42,0.52,0.71,0.87,1.15,1.42,1.6,1.9,2.3
2016-07-18,0.44,0.52,0.68,0.85,1.14,1.4,1.59,1.9,2.3
2016-07-19,0.44,0.56,0.7,0.84,1.12,1.38,1.56,1.88,2.27
2016-07-20,0.44,0.56,0.73,0.86,1.15,1.41,1.59,1.91,2.3
2016-07-21,0.44,0.54,0.7,0.82,1.11,1.38,1.57,1.9,2.29
2016-07-22,0.44,0.55,0.71,0.84,1.13,1.4,1.57,1.9,2.29
2016-07-25,0.44,0.55,0.72,0.87,1.15,1.41,1.58,1.9,2.29
2016-07-26,0.43,0.55,0.75,0.87,1.15,1.4,1.57,1.89,2.28
2016-07-27,0.4,0.53,0.73,0.83,1.1,1.35,1.52,1.84,2.23
2016-07-28,0.39,0.53,0.72,0.82,1.09,1.35,1.52,1.83,2.23
2016-07-29,0.38,0.5,0.67,0.76,1.03,1.29,1.46,1.78,2.18
2016-08-01,0.4,0.5,0.67,0.78,1.06,1.33,1.51,1.84,2.24
2016-08-02,0.41,0.5,0.67,0.79,1.07,1.36,1.55,1.88,2.29
2016-08-03,0.42,0.53,0.67,0.78,1.07,1.35,1.55,1.88,2.29
2016-08-04,0.41,0.51,0.64,0.76,1.03,1.31,1.51,1.84,2.25
2016-08-05,0.45,0.56,0.72,0.86,1.13,1.41,1.59,1.91,2.32
2016-08-08,0.45,0.57,0.74,0.86,1.15,1.42,1.59,1.91,2.3
2016-08-09,0.44,0.55,0.71,0.84,1.11,1.38,1.55,1.86,2.25
2016-08-10,0.43,0.55,0.69,0.8,1.07,1.34,1.5,1.83,2.23
2016-08-11,0.45,0.55,0.76,0.88,1.16,1.42,1.57,1.89,2.28
2016-08-12,0.43,0.56,0.71,0.82,1.1,1.36,1.51,1.85,2.23
2016-08-15,0.46,0.56,0.72,0.85,1.14,1.4,1.55,1.9,2.27
2016-08-16,0.45,0.57,0.76,0.87,1.16,1.42,1.57,1.92,2.29
2016-08-17,0.46,0.58,0.74,0.86,1.15,1.41,1.56,1.9,2.27
2016-08-18,0.44,0.58,0.71,0.81,1.12,1.38,1.53,1.89,2.26
2016-08-19,0.44,0.59,0.76,0.88,1.17,1.43,1.58,1.93,2.29
2016-08-22,0.45,0.58,0.76,0.86,1.15,1.4,1.55,1.88,2.24
2016-08-23,0.45,0.58,0.74,0.86,1.15,1.4,1.55,1.88,2.24
2016-08-24,0.46,0.59,0.76,0.87,1.13,1.4,1.56,1.89,2.24
2016-08-25,0.46,0.6,0.78,0.89,1.16,1.43,1.58,1.91,2.27
2016-08-26,0.47,0.62,0.84,0.96,1.23,1.49,1.62,1.96,2.29
2016-08-29,0.49,0.62,0.81,0.92,1.18,1.43,1.57,1.9,2.22
2016-08-30,0.47,0.61,0.8,0.92,1.18,1.44,1.57,1.91,2.23
2016-08-31,0.47,0.61,0.8,0.92,1.19,1.45,1.58,1.9,2.23
2016-09-01,0.47,0.6,0.78,0.91,1.18,1.44,1.57,1.9,2.23
2016-09-02,0.45,0.59,0.8,0.92,1.2,1.47,1.6,1.95,2.28
2016-09-06,0.45,0.56,0.74,0.86,1.13,1.4,1.55,1.9,2.24
2016-09-07,0.49,0.57,0.74,0.86,1.12,1.39,1.54,1.89,2.23
2016-09-08,0.5,0.57,0.78,0.91,1.19,1.46,1.61,1.98,2.32
2016-09-09,0.51,0.58,0.79,0.93,1.23,1.51,1.67,2.05,2.39
2016-09-12,0.53,0.57,0.79,0.92,1.21,1.5,1.68,2.05,2.4
2016-09-13,0.54,0.63,0.8,0.95,1.26,1.56,1.73,2.12,2.47
2016-09-14,0.52,0.62,0.77,0.9,1.21,1.52,1.7,2.1,2.44
2016-09-15,0.49,0.6,0.74,0.87,1.2,1.51,1.71,2.13,2.48
2016-09-16,0.5,0.61,0.77,0.91,1.21,1.51,1.7,2.1,2.44
2016-09-19,0.48,0.6,0.79,0.92,1.22,1.52,1.7,2.1,2.45
2016-09-20,0.49,0.61,0.79,0.93,1.2,1.5,1.69,2.09,2.43
2016-09-21,0.44,0.61,0.79,0.92,1.2,1.48,1.66,2.06,2.39
2016-09-22,0.39,0.6,0.79,0.91,1.18,1.46,1.63,2.02,2.34
2016-09-23,0.4,0.6,0.77,0.9,1.16,1.44,1.62,2.02,2.34
2016-09-26,0.42,0.58,0.76,0.87,1.13,1.41,1.59,2.0,2.32
2016-09-27,0.42,0.58,0.75,0.86,1.12,1.39,1.56,1.96,2.28
2016-09-28,0.44,0.6,0.75,0.87,1.13,1.41,1.57,1.96,2.29
2016-09-29,0.43,0.59,0.73,0.85,1.12,1.39,1.56,1.95,2.28
2016-09-30,0.45,0.59,0.77,0.88,1.14,1.42,1.6,1.99,2.32
2016-10-03,0.48,0.63,0.8,0.91,1.18,1.46,1.63,2.01,2.34
2016-10-04,0.48,0.64,0.82,0.95,1.22,1.51,1.69,2.08,2.4
2016-10-05,0.48,0.65,0.85,0.98,1.26,1.54,1.72,2.11,2.44
2016-10-06,0.46,0.65,0.86,1.0,1.28,1.58,1.75,2.14,2.46
2016-10-07,0.46,0.66,0.83,0.99,1.26,1.55,1.73,2.14,2.46
2016-10-11,0.48,0.69,0.87,1.03,1.3,1.58,1.77,2.17,2.5
2016-10-12,0.49,0.68,0.87,0.99,1.31,1.6,1.79,2.19,2.51
2016-10-13,0.45,0.66,0.85,1.0,1.27,1.56,1.75,2.15,2.48
2016-10-14,0.46,0.66,0.84,1.0,1.28,1.58,1.8,2.22,2.55
2016-10-17,0.47,0.65,0.81,0.98,1.26,1.56,1.77,2.19,2.52
2016-10-18,0.47,0.66,0.82,0.96,1.24,1.54,1.75,2.18,2.51
2016-10-19,0.48,0.65,0.81,0.96,1.24,1.54,1.76,2.18,2.51
2016-10-20,0.48,0.66,0.84,0.98,1.26,1.55,1.76,2.17,2.5
2016-10-21,0.47,0.66,0.84,0.98,1.25,1.53,1.74,2.15,2.48
2016-10-24,0.46,0.66,0.84,1.0,1.27,1.56,1.77,2.18,2.52
2016-10-25,0.49,0.66,0.86,1.0,1.29,1.56,1.77,2.17,2.5
2016-10-26,0.49,0.67,0.86,1.01,1.3,1.59,1.79,2.2,2.53
2016-10-27,0.49,0.68,0.87,1.04,1.33,1.64,1.85,2.26,2.6
2016-10-28,0.49,0.66,0.86,1.02,1.33,1.63,1.86,2.27,2.62
2016-10-31,0.51,0.66,0.86,1.0,1.31,1.62,1.84,2.25,2.58
2016-11-01,0.5,0.65,0.83,0.99,1.3,1.61,1.83,2.24,2.58
2016-11-02,0.51,0.64,0.81,0.98,1.26,1.57,1.81,2.22,2.56
2016-11-03,0.52,0.64,0.81,0.98,1.26,1.58,1.82,2.25,2.6
2016-11-04,0.52,0.62,0.8,0.95,1.24,1.55,1.79,2.22,2.56
2016-11-07,0.54,0.63,0.82,0.99,1.29,1.6,1.83,2.26,2.6
2016-11-08,0.56,0.71,0.87,1.04,1.34,1.65,1.88,2.29,2.63
2016-11-09,0.56,0.72,0.9,1.12,1.49,1.84,2.07,2.52,2.88
2016-11-10,0.59,0.72,0.92,1.17,1.56,1.92,2.15,2.58,2.94
2016-11-14,0.65,0.77,1.0,1.27,1.66,2.01,2.23,2.65,2.99
2016-11-15,0.61,0.78,1.02,1.28,1.68,2.03,2.23,2.64,2.97
2016-11-16,0.62,0.76,1.0,1.28,1.68,2.03,2.22,2.61,2.92
2016-11-17,0.61,0.77,1.04,1.31,1.73,2.08,2.29,2.69,3.01
2016-11-18,0.6,0.77,1.07,1.36,1.8,2.14,2.34,2.7,3.01
2016-11-21,0.6,0.78,1.08,1.36,1.79,2.13,2.33,2.69,3.0
2016-11-22,0.61,0.78,1.07,1.35,1.77,2.12,2.31,2.69,3.0
2016-11-23,0.63,0.8,1.12,1.4,1.83,2.17,2.36,2.71,3.02
2016-11-25,0.62,0.81,1.12,1.41,1.83,2.18,2.36,2.71,3.01
2016-11-28,0.6,0.79,1.11,1.38,1.8,2.13,2.32,2.68,2.99
2016-11-29,0.6,0.78,1.09,1.37,1.78,2.12,2.3,2.66,2.95
2016-11-30,0.62,0.8,1.11,1.4,1.83,2.18,2.37,2.73,3.02
2016-12-01,0.6,0.82,1.14,1.45,1.9,2.25,2.45,2.82,3.1
2016-12-02,0.61,0.8,1.11,1.4,1.84,2.2,2.4,2.78,3.08
2016-12-05,0.63,0.82,1.13,1.42,1.84,2.19,2.39,2.76,3.05
2016-12-06,0.63,0.83,1.12,1.41,1.84,2.18,2.39,2.77,3.08
2016-12-07,0.63,0.85,1.1,1.39,1.8,2.14,2.34,2.73,3.02
2016-12-08,0.62,0.84,1.12,1.4,1.83,2.2,2.4,2.81,3.1
2016-12-09,0.64,0.85,1.15,1.43,1.89,2.26,2.47,2.87,3.16
2016-12-12,0.64,0.85,1.15,1.44,1.9,2.26,2.49,2.86,3.16
2016-12-13,0.66,0.88,1.17,1.46,1.92,2.26,2.48,2.85,3.14
2016-12-14,0.66,0.92,1.27,1.57,2.02,2.34,2.54,2.86,3.14
2016-12-15,0.65,0.91,1.29,1.61,2.1,2.42,2.6,2.89,3.16
2016-12-16,0.65,0.91,1.28,1.59,2.07,2.41,2.6,2.91,3.19
2016-12-19,0.65,0.9,1.24,1.55,2.03,2.35,2.54,2.85,3.12
2016-12-20,0.66,0.9,1.25,1.56,2.06,2.38,2.57,2.88,3.15
2016-12-21,0.65,0.88,1.21,1.54,2.04,2.35,2.55,2.86,3.12
2016-12-22,0.65,0.87,1.22,1.54,2.04,2.36,2.55,2.86,3.12
2016-12-23,0.65,0.87,1.22,1.54,2.04,2.35,2.55,2.86,3.12
2016-12-27,0.66,0.89,1.28,1.58,2.07,2.37,2.57,2.88,3.14
2016-12-28,0.62,0.9,1.26,1.55,2.02,2.32,2.51,2.83,3.09
2016-12-29,0.62,0.85,1.22,1.49,1.96,2.3,2.49,2.82,3.08
2016-12-30,0.62,0.85,1.2,1.47,1.93,2.25,2.45,2.79,3.06
2017-01-03,0.65,0.89,1.22,1.5,1.94,2.26,2.45,2.78,3.04
2017-01-04,0.63,0.87,1.24,1.5,1.94,2.26,2.46,2.78,3.05
2017-01-05,0.62,0.83,1.17,1.43,1.86,2.18,2.37,2.69,2.96
2017-01-06,0.61,0.85,1.22,1.5,1.92,2.23,2.42,2.73,3.0
2017-01-09,0.6,0.82,1.21,1.47,1.89,2.18,2.38,2.69,2.97
2017-01-10,0.6,0.82,1.19,1.47,1.89,2.18,2.38,2.69,2.97
2017-01-11,0.6,0.82,1.2,1.47,1.89,2.18,2.38,2.68,2.96
2017-01-12,0.59,0.81,1.18,1.45,1.87,2.17,2.36,2.68,3.01
2017-01-13,0.61,0.82,1.21,1.48,1.9,2.2,2.4,2.71,2.99
2017-01-17,0.62,0.8,1.17,1.42,1.84,2.14,2.33,2.66,2.93
2017-01-18,0.63,0.82,1.23,1.51,1.93,2.24,2.42,2.74,3.0
2017-01-19,0.62,0.83,1.25,1.53,1.97,2.28,2.47,2.77,3.04
2017-01-20,0.62,0.82,1.2,1.5,1.95,2.28,2.48,2.79,3.05
2017-01-23,0.59,0.79,1.16,1.43,1.88,2.19,2.41,2.72,2.99
2017-01-24,0.62,0.81,1.21,1.49,1.94,2.27,2.47,2.78,3.05
2017-01-25,0.61,0.82,1.23,1.52,1.99,2.33,2.53,2.84,3.1
2017-01-26,0.62,0.82,1.21,1.49,1.95,2.3,2.51,2.82,3.08
2017-01-27,0.63,0.82,1.22,1.48,1.94,2.28,2.49,2.8,3.06
2017-01-30,0.63,0.81,1.22,1.48,1.94,2.28,2.49,2.82,3.08
2017-01-31,0.64,0.84,1.19,1.46,1.9,2.24,2.45,2.78,3.05
2017-02-01,0.65,0.83,1.22,1.49,1.93,2.27,2.48,2.8,3.08
2017-02-02,0.64,0.84,1.21,1.48,1.92,2.27,2.48,2.8,3.09
2017-02-03,0.63,0.82,1.21,1.49,1.93,2.27,2.49,2.82,3.11
2017-02-06,0.62,0.79,1.16,1.43,1.86,2.19,2.42,2.76,3.05
2017-02-07,0.63,0.8,1.16,1.43,1.85,2.17,2.4,2.74,3.02
2017-02-08,0.63,0.79,1.15,1.4,1.81,2.14,2.34,2.68,2.96
2017-02-09,0.64,0.8,1.2,1.46,1.88,2.2,2.4,2.74,3.02
2017-02-10,0.64,0.81,1.2,1.47,1.89,2.22,2.41,2.75,3.01
2017-02-13,0.63,0.82,1.2,1.48,1.92,2.24,2.43,2.77,3.03
2017-02-14,0.66,0.84,1.25,1.53,1.98,2.29,2.47,2.81,3.07
2017-02-15,0.67,0.86,1.27,1.57,2.01,2.33,2.51,2.84,3.09
2017-02-16,0.66,0.82,1.22,1.5,1.95,2.26,2.45,2.8,3.05
2017-02-17,0.66,0.82,1.21,1.48,1.92,2.23,2.42,2.78,3.03
2017-02-21,0.69,0.83,1.22,1.5,1.93,2.24,2.43,2.78,3.04
2017-02-22,0.68,0.82,1.22,1.49,1.92,2.23,2.42,2.78,3.04
2017-02-23,0.66,0.81,1.18,1.44,1.87,2.2,2.38,2.75,3.02
2017-02-24,0.65,0.8,1.12,1.38,1.8,2.12,2.31,2.69,2.95
2017-02-27,0.68,0.81,1.2,1.46,1.87,2.18,2.36,2.72,2.98
2017-02-28,0.69,0.88,1.22,1.49,1.89,2.19,2.36,2.7,2.97
2017-03-01,0.79,0.92,1.29,1.57,1.99,2.29,2.46,2.81,3.06
2017-03-02,0.84,0.98,1.32,1.6,2.03,2.32,2.49,2.84,3.09
2017-03-03,0.84,0.98,1.32,1.59,2.02,2.32,2.49,2.83,3.08
2017-03-06,0.83,0.97,1.31,1.6,2.02,2.32,2.49,2.84,3.1
2017-03-07,0.87,1.02,1.32,1.62,2.05,2.34,2.52,2.85,3.11
2017-03-08,0.86,1.03,1.36,1.65,2.08,2.38,2.57,2.89,3.15
2017-03-09,0.88,1.04,1.37,1.67,2.13,2.43,2.6,2.94,3.19
2017-03-10,0.89,1.03,1.36,1.66,2.11,2.4,2.58,2.94,3.16
2017-03-13,0.93,1.06,1.4,1.69,2.14,2.43,2.62,2.97,3.2
2017-03-14,0.93,1.06,1.4,1.68,2.13,2.42,2.6,2.94,3.17
2017-03-15,0.89,1.02,1.33,1.59,2.02,2.31,2.51,2.87,3.11
2017-03-16,0.89,1.01,1.35,1.63,2.05,2.34,2.53,2.89,3.14
2017-03-17,0.87,1.0,1.33,1.6,2.03,2.31,2.5,2.86,3.11
2017-03-20,0.89,1.01,1.3,1.57,2.0,2.28,2.47,2.83,3.08
2017-03-21,0.91,1.0,1.27,1.54,1.96,2.24,2.43,2.79,3.04
2017-03-22,0.9,0.99,1.27,1.52,1.95,2.22,2.4,2.76,3.02
2017-03-23,0.9,0.99,1.26,1.52,1.95,2.23,2.41,2.76,3.02
2017-03-24,0.89,1.0,1.26,1.52,1.93,2.22,2.4,2.74,3.0
2017-03-27,0.91,1.0,1.27,1.51,1.93,2.2,2.38,2.73,2.98
2017-03-28,0.92,1.03,1.3,1.56,1.97,2.25,2.42,2.77,3.02
2017-03-29,0.92,1.04,1.26,1.53,1.93,2.21,2.39,2.74,2.99
2017-03-30,0.91,1.03,1.28,1.55,1.96,2.25,2.42,2.78,3.03
2017-03-31,0.91,1.03,1.27,1.5,1.93,2.22,2.4,2.76,3.02
2017-04-03,0.92,1.02,1.24,1.47,1.88,2.16,2.35,2.71,2.98
2017-04-04,0.92,1.03,1.25,1.47,1.88,2.16,2.36,2.72,2.99
2017-04-05,0.93,1.03,1.24,1.44,1.85,2.14,2.34,2.71,2.98
2017-04-06,0.94,1.05,1.24,1.45,1.87,2.15,2.34,2.72,2.99
2017-04-07,0.95,1.08,1.29,1.52,1.92,2.2,2.38,2.74,3.0
2017-04-10,0.97,1.07,1.29,1.52,1.91,2.18,2.37,2.72,2.99
2017-04-11,0.94,1.05,1.24,1.45,1.84,2.11,2.32,2.67,2.93
2017-04-12,0.95,1.04,1.24,1.44,1.81,2.09,2.28,2.65,2.92
2017-04-13,0.94,1.03,1.21,1.4,1.77,2.05,2.24,2.62,2.89
2017-04-14,0.0,0.0,0.0,0.0,0.0,0.0,0.0,0.0,0.0
2017-04-17,0.94,1.04,1.21,1.42,1.79,2.07,2.26,2.65,2.92
2017-04-18,0.94,1.02,1.18,1.35,1.71,1.98,2.18,2.56,2.84
2017-04-19,0.94,1.02,1.19,1.38,1.74,2.02,2.21,2.59,2.87
2017-04-20,0.93,1.01,1.21,1.41,1.78,2.06,2.24,2.61,2.89
2017-04-21,0.92,0.99,1.2,1.4,1.77,2.05,2.24,2.61,2.89
2017-04-24,0.96,1.03,1.25,1.44,1.81,2.09,2.28,2.65,2.93
2017-04-25,0.98,1.09,1.29,1.49,1.87,2.15,2.35,2.71,2.99
2017-04-26,0.99,1.07,1.28,1.46,1.84,2.12,2.32,2.69,2.97
2017-04-27,0.98,1.06,1.25,1.44,1.81,2.1,2.3,2.68,2.96
2017-04-28,0.99,1.07,1.28,1.45,1.81,2.1,2.29,2.67,2.96
2017-05-01,0.98,1.09,1.28,1.48,1.84,2.13,2.33,2.71,3.0
2017-05-02,0.99,1.08,1.27,1.45,1.81,2.09,2.29,2.68,2.97
2017-05-03,1.0,1.1,1.3,1.5,1.86,2.14,2.33,2.7,2.97
2017-05-04,1.0,1.11,1.32,1.51,1.88,2.17,2.36,2.73,3.0
2017-05-05,1.01,1.1,1.32,1.52,1.89,2.17,2.36,2.73,2.99
2017-05-08,1.02,1.12,1.33,1.53,1.91,2.19,2.39,2.76,3.02
2017-05-09,1.04,1.14,1.37,1.57,1.94,2.22,2.42,2.79,3.04
2017-05-10,1.04,1.13,1.35,1.56,1.94,2.22,2.41,2.79,3.03
2017-05-11,1.04,1.13,1.35,1.55,1.93,2.2,2.39,2.78,3.03
2017-05-12,1.03,1.11,1.29,1.49,1.85,2.13,2.33,2.74,2.98
2017-05-15,1.02,1.11,1.31,1.49,1.86,2.14,2.34,2.76,3.0
2017-05-16,1.04,1.11,1.29,1.48,1.86,2.13,2.33,2.74,2.99
2017-05-17,1.0,1.08,1.26,1.42,1.76,2.03,2.22,2.65,2.91
2017-05-18,1.02,1.09,1.27,1.44,1.78,2.04,2.23,2.64,2.9
2017-05-19,1.03,1.1,1.28,1.45,1.79,2.05,2.23,2.63,2.9
2017-05-22,1.05,1.12,1.29,1.45,1.8,2.06,2.25,2.64,2.91
2017-05-23,1.08,1.14,1.31,1.49,1.84,2.1,2.29,2.68,2.95
2017-05-24,1.07,1.18,1.29,1.46,1.79,2.07,2.26,2.65,2.92
2017-05-25,1.08,1.16,1.3,1.46,1.78,2.06,2.25,2.65,2.92
2017-05-26,1.08,1.17,1.3,1.46,1.79,2.06,2.25,2.65,2.92
2017-05-30,1.07,1.16,1.28,1.44,1.76,2.02,2.21,2.61,2.88
2017-05-31,1.08,1.17,1.28,1.44,1.75,2.02,2.21,2.6,2.87
2017-06-01,1.07,1.16,1.28,1.45,1.76,2.02,2.21,2.6,2.87
2017-06-02,1.06,1.16,1.28,1.42,1.71,1.96,2.15,2.53,2.8
2017-06-05,1.06,1.16,1.32,1.45,1.74,1.99,2.18,2.56,2.84
2017-06-06,1.08,1.16,1.3,1.42,1.71,1.95,2.14,2.53,2.81
2017-06-07,1.09,1.17,1.32,1.45,1.74,1.99,2.18,2.56,2.84
2017-06-08,1.11,1.19,1.33,1.47,1.75,2.0,2.19,2.57,2.85
2017-06-09,1.13,1.2,1.35,1.5,1.77,2.02,2.21,2.59,2.86
2017-06-12,1.09,1.19,1.35,1.5,1.78,2.02,2.21,2.59,2.86
2017-06-13,1.12,1.22,1.38,1.51,1.79,2.02,2.21,2.6,2.87
2017-06-14,1.12,1.2,1.35,1.48,1.74,1.96,2.15,2.53,2.79
2017-06-15,1.13,1.21,1.35,1.49,1.76,1.98,2.16,2.52,2.78
2017-06-16,1.13,1.21,1.32,1.48,1.75,1.97,2.16,2.52,2.78
2017-06-19,1.13,1.22,1.36,1.52,1.8,2.02,2.19,2.53,2.79
2017-06-20,1.14,1.22,1.36,1.5,1.77,1.99,2.16,2.49,2.74
2017-06-21,1.12,1.22,1.36,1.5,1.78,2.0,2.16,2.48,2.73
2017-06-22,1.1,1.22,1.34,1.48,1.76,1.98,2.15,2.47,2.72
2017-06-23,1.1,1.21,1.34,1.48,1.77,1.98,2.15,2.48,2.71
2017-06-26,1.1,1.2,1.36,1.48,1.77,1.97,2.14,2.46,2.7
2017-06-27,1.13,1.22,1.38,1.53,1.83,2.04,2.21,2.52,2.75
2017-06-28,1.12,1.21,1.34,1.51,1.81,2.05,2.22,2.55,2.77
2017-06-29,1.14,1.23,1.38,1.53,1.85,2.1,2.27,2.59,2.82
2017-06-30,1.14,1.24,1.38,1.55,1.89,2.14,2.31,2.61,2.84
2017-07-03,1.13,1.24,1.41,1.6,1.93,2.19,2.35,2.65,2.86
2017-07-05,1.15,1.24,1.41,1.59,1.92,2.17,2.33,2.63,2.85
2017-07-06,1.14,1.23,1.4,1.6,1.94,2.21,2.37,2.68,2.9
2017-07-07,1.14,1.22,1.4,1.6,1.95,2.22,2.39,2.71,2.93
2017-07-10,1.13,1.23,1.4,1.59,1.93,2.2,2.38,2.7,2.93
2017-07-11,1.14,1.2,1.37,1.57,1.92,2.18,2.37,2.69,2.92
2017-07-12,1.13,1.21,1.35,1.53,1.88,2.14,2.33,2.65,2.89
2017-07-13,1.14,1.23,1.37,1.55,1.89,2.16,2.35,2.69,2.92
2017-07-14,1.12,1.22,1.35,1.54,1.87,2.13,2.33,2.67,2.91
2017-07-17,1.1,1.22,1.36,1.53,1.86,2.12,2.31,2.65,2.89
2017-07-18,1.11,1.19,1.36,1.52,1.82,2.08,2.27,2.61,2.85
2017-07-19,1.12,1.23,1.37,1.52,1.83,2.09,2.27,2.61,2.85
2017-07-20,1.12,1.22,1.37,1.51,1.82,2.08,2.27,2.6,2.83
2017-07-21,1.1,1.22,1.36,1.5,1.81,2.05,2.24,2.57,2.81
2017-07-24,1.12,1.23,1.37,1.53,1.83,2.07,2.26,2.59,2.83
2017-07-25,1.15,1.24,1.4,1.56,1.9,2.15,2.33,2.67,2.91
2017-07-26,1.14,1.23,1.36,1.5,1.83,2.09,2.29,2.65,2.89
2017-07-27,1.13,1.22,1.36,1.52,1.84,2.12,2.32,2.68,2.93
2017-07-28,1.13,1.22,1.34,1.51,1.83,2.1,2.3,2.65,2.89
2017-07-31,1.13,1.23,1.34,1.51,1.84,2.11,2.3,2.66,2.89
2017-08-01,1.15,1.22,1.34,1.5,1.8,2.07,2.26,2.61,2.86
2017-08-02,1.15,1.24,1.36,1.52,1.82,2.08,2.27,2.6,2.85
2017-08-03,1.13,1.22,1.34,1.49,1.79,2.05,2.24,2.56,2.81
2017-08-04,1.14,1.23,1.36,1.51,1.82,2.08,2.27,2.61,2.84
2017-08-07,1.14,1.22,1.36,1.52,1.81,2.07,2.26,2.6,2.84
2017-08-08,1.16,1.24,1.36,1.53,1.84,2.1,2.29,2.63,2.86
2017-08-09,1.15,1.21,1.33,1.5,1.81,2.06,2.24,2.59,2.82
2017-08-10,1.14,1.22,1.33,1.49,1.78,2.03,2.2,2.55,2.79
2017-08-11,1.14,1.21,1.3,1.43,1.74,2.0,2.19,2.55,2.79
2017-08-14,1.13,1.23,1.33,1.48,1.77,2.04,2.22,2.57,2.81
2017-08-15,1.16,1.23,1.35,1.51,1.83,2.09,2.27,2.6,2.84
2017-08-16,1.13,1.24,1.33,1.49,1.79,2.04,2.23,2.58,2.81
2017-08-17,1.11,1.24,1.32,1.46,1.76,2.01,2.19,2.54,2.78
2017-08-18,1.13,1.24,1.33,1.47,1.77,2.01,2.19,2.54,2.78
2017-08-21,1.11,1.23,1.32,1.46,1.76,2.0,2.18,2.52,2.77
2017-08-22,1.13,1.24,1.33,1.48,1.8,2.04,2.22,2.55,2.79
2017-08-23,1.11,1.22,1.32,1.45,1.76,1.99,2.17,2.51,2.75
2017-08-24,1.11,1.23,1.33,1.47,1.78,2.01,2.19,2.53,2.77
2017-08-25,1.11,1.23,1.35,1.47,1.77,2.0,2.17,2.51,2.75
2017-08-28,1.12,1.24,1.33,1.46,1.74,1.99,2.16,2.51,2.76
2017-08-29,1.13,1.23,1.33,1.43,1.7,1.96,2.13,2.48,2.74
2017-08-30,1.11,1.23,1.33,1.44,1.72,1.97,2.15,2.49,2.75
2017-08-31,1.08,1.23,1.33,1.44,1.7,1.95,2.12,2.47,2.73
2017-09-01,1.1,1.24,1.35,1.46,1.73,1.99,2.16,2.51,2.77
2017-09-05,1.13,1.23,1.3,1.4,1.65,1.9,2.07,2.43,2.69
2017-09-06,1.17,1.24,1.3,1.42,1.69,1.93,2.1,2.46,2.72
2017-09-07,1.15,1.21,1.27,1.38,1.63,1.88,2.05,2.4,2.66
2017-09-08,1.14,1.22,1.27,1.39,1.64,1.89,2.06,2.41,2.67
2017-09-11,1.16,1.24,1.32,1.44,1.71,1.96,2.14,2.49,2.75
2017-09-12,1.16,1.27,1.33,1.46,1.75,1.99,2.17,2.52,2.78
2017-09-13,1.16,1.27,1.35,1.48,1.78,2.01,2.2,2.53,2.79
2017-09-14,1.17,1.28,1.37,1.5,1.79,2.01,2.2,2.52,2.77
2017-09-15,1.17,1.3,1.39,1.53,1.81,2.04,2.2,2.52,2.77
2017-09-18,1.18,1.3,1.4,1.54,1.83,2.06,2.23,2.56,2.8
2017-09-19,1.19,1.31,1.4,1.55,1.84,2.07,2.24,2.57,2.81
2017-09-20,1.2,1.32,1.45,1.6,1.89,2.12,2.28,2.59,2.82
2017-09-21,1.19,1.31,1.45,1.59,1.89,2.11,2.27,2.57,2.8
2017-09-22,1.19,1.3,1.46,1.58,1.88,2.1,2.26,2.57,2.8
2017-09-25,1.19,1.3,1.44,1.56,1.85,2.07,2.22,2.53,2.76
2017-09-26,1.19,1.31,1.45,1.57,1.87,2.08,2.24,2.54,2.78
2017-09-27,1.2,1.33,1.47,1.6,1.91,2.14,2.31,2.62,2.86
2017-09-28,1.18,1.31,1.45,1.59,1.89,2.13,2.31,2.63,2.87
2017-09-29,1.2,1.31,1.47,1.62,1.92,2.16,2.33,2.63,2.86
2017-10-02,1.22,1.31,1.49,1.63,1.94,2.17,2.34,2.64,2.87
2017-10-03,1.21,1.32,1.47,1.62,1.92,2.15,2.33,2.63,2.87
2017-10-04,1.21,1.33,1.47,1.62,1.92,2.15,2.33,2.64,2.87
2017-10-05,1.21,1.35,1.49,1.63,1.94,2.17,2.35,2.65,2.89
2017-10-06,1.22,1.35,1.54,1.66,1.97,2.2,2.37,2.68,2.91
2017-10-10,1.26,1.42,1.51,1.64,1.95,2.18,2.35,2.65,2.88
2017-10-11,1.25,1.4,1.51,1.66,1.95,2.17,2.35,2.64,2.88
2017-10-12,1.27,1.41,1.51,1.66,1.95,2.16,2.33,2.62,2.86
2017-10-13,1.26,1.39,1.51,1.64,1.91,2.12,2.28,2.58,2.81
2017-10-16,1.24,1.42,1.54,1.68,1.95,2.15,2.3,2.58,2.82
2017-10-17,1.25,1.41,1.54,1.69,1.97,2.15,2.3,2.58,2.8
2017-10-18,1.24,1.42,1.59,1.7,1.99,2.19,2.34,2.62,2.85
2017-10-19,1.25,1.41,1.58,1.69,1.98,2.18,2.33,2.6,2.83
2017-10-20,1.27,1.43,1.6,1.72,2.03,2.24,2.39,2.67,2.89
2017-10-23,1.25,1.42,1.58,1.7,2.01,2.22,2.38,2.66,2.89
2017-10-24,1.27,1.43,1.6,1.73,2.05,2.26,2.42,2.7,2.92
2017-10-25,1.27,1.43,1.61,1.74,2.06,2.28,2.44,2.72,2.95
2017-10-26,1.29,1.43,1.63,1.76,2.07,2.3,2.46,2.74,2.96
2017-10-27,1.28,1.42,1.59,1.73,2.03,2.26,2.42,2.71,2.93
2017-10-30,1.24,1.42,1.58,1.71,2.0,2.22,2.37,2.66,2.88
2017-10-31,1.28,1.43,1.6,1.73,2.01,2.23,2.38,2.66,2.88
2017-11-01,1.3,1.46,1.61,1.74,2.01,2.22,2.37,2.63,2.85
2017-11-02,1.29,1.46,1.61,1.73,2.0,2.21,2.35,2.61,2.83
2017-11-03,1.31,1.49,1.63,1.74,1.99,2.19,2.34,2.59,2.82
2017-11-06,1.3,1.5,1.61,1.73,1.99,2.17,2.32,2.58,2.8
2017-11-07,1.33,1.49,1.63,1.75,1.99,2.17,2.32,2.56,2.77
2017-11-08,1.35,1.53,1.65,1.77,2.01,2.19,2.32,2.57,2.79
2017-11-09,1.36,1.53,1.63,1.75,2.01,2.2,2.33,2.59,2.81
2017-11-10,1.37,1.54,1.67,1.79,2.06,2.27,2.4,2.67,2.88
2017-11-13,1.37,1.55,1.7,1.82,2.08,2.27,2.4,2.67,2.87
2017-11-14,1.4,1.55,1.68,1.81,2.06,2.26,2.38,2.64,2.84
2017-11-15,1.39,1.55,1.68,1.79,2.04,2.21,2.33,2.58,2.77
2017-11-16,1.42,1.59,1.72,1.83,2.07,2.25,2.37,2.62,2.81
2017-11-17,1.42,1.6,1.73,1.83,2.06,2.23,2.35,2.59,2.78
2017-11-20,1.46,1.62,1.77,1.86,2.09,2.26,2.37,2.6,2.78
2017-11-21,1.45,1.62,1.77,1.88,2.11,2.27,2.36,2.58,2.76
2017-11-22,1.45,1.61,1.74,1.84,2.05,2.22,2.32,2.57,2.75
2017-11-24,1.45,1.61,1.75,1.85,2.07,2.23,2.34,2.58,2.76
2017-11-27,1.41,1.62,1.74,1.84,2.06,2.21,2.32,2.57,2.76
2017-11-28,1.46,1.61,1.75,1.85,2.07,2.24,2.34,2.58,2.77
2017-11-29,1.45,1.61,1.78,1.86,2.09,2.27,2.37,2.62,2.81
2017-11-30,1.44,1.62,1.78,1.9,2.14,2.31,2.42,2.65,2.83
2017-12-01,1.45,1.62,1.78,1.9,2.13,2.28,2.37,2.58,2.76
2017-12-04,1.45,1.66,1.8,1.93,2.15,2.29,2.37,2.58,2.77
2017-12-05,1.48,1.64,1.83,1.94,2.15,2.28,2.36,2.55,2.73
2017-12-06,1.48,1.68,1.78,1.92,2.11,2.25,2.33,2.53,2.71
2017-12-07,1.47,1.67,1.8,1.92,2.14,2.29,2.37,2.58,2.76
2017-12-08,1.45,1.65,1.8,1.92,2.14,2.29,2.38,2.59,2.77
2017-12-11,1.47,1.69,1.82,1.95,2.16,2.3,2.39,2.59,2.77
2017-12-12,1.49,1.7,1.83,1.95,2.18,2.32,2.4,2.6,2.79
2017-12-13,1.47,1.68,1.79,1.9,2.12,2.26,2.36,2.56,2.74
2017-12-14,1.48,1.7,1.82,1.92,2.14,2.27,2.35,2.53,2.71
2017-12-15,1.48,1.71,1.84,1.95,2.16,2.28,2.35,2.52,2.68
2017-12-18,1.51,1.7,1.84,1.94,2.17,2.3,2.39,2.57,2.74
2017-12-19,1.51,1.71,1.87,1.97,2.23,2.37,2.46,2.66,2.82
2017-12-20,1.51,1.72,1.87,1.98,2.24,2.4,2.49,2.71,2.88
2017-12-21,1.54,1.73,1.89,2.01,2.26,2.39,2.48,2.68,2.84
2017-12-22,1.54,1.73,1.91,2.01,2.26,2.4,2.48,2.68,2.83
2017-12-26,1.52,1.75,1.92,2.02,2.25,2.38,2.47,2.66,2.82
2017-12-27,1.53,1.75,1.89,1.99,2.22,2.34,2.42,2.59,2.75
2017-12-28,1.54,1.76,1.91,2.0,2.23,2.36,2.43,2.6,2.75
2017-12-29,1.53,1.76,1.89,1.98,2.2,2.33,2.4,2.58,2.74
2018-01-02,1.61,1.83,1.92,2.01,2.25,2.38,2.46,2.64,2.81
2018-01-03,1.59,1.81,1.94,2.02,2.25,2.37,2.44,2.62,2.78
2018-01-04,1.6,1.82,1.96,2.05,2.27,2.38,2.46,2.62,2.79
2018-01-05,1.58,1.8,1.96,2.06,2.29,2.4,2.47,2.64,2.81
2018-01-08,1.6,1.79,1.96,2.07,2.29,2.41,2.49,2.65,2.81
2018-01-09,1.6,1.78,1.98,2.09,2.33,2.46,2.55,2.72,2.88
2018-01-10,1.59,1.78,1.98,2.08,2.32,2.47,2.55,2.73,2.88
2018-01-11,1.58,1.77,1.98,2.09,2.32,2.46,2.54,2.72,2.91
2018-01-12,1.59,1.78,1.99,2.12,2.35,2.48,2.55,2.71,2.85
2018-01-16,1.63,1.79,2.03,2.12,2.36,2.48,2.54,2.69,2.83
2018-01-17,1.63,1.79,2.05,2.15,2.39,2.51,2.57,2.71,2.84
2018-01-18,1.63,1.79,2.05,2.17,2.43,2.55,2.62,2.77,2.9
2018-01-19,1.62,1.79,2.06,2.2,2.45,2.57,2.64,2.78,2.91
2018-01-22,1.65,1.79,2.08,2.21,2.46,2.59,2.66,2.79,2.93
2018-01-23,1.63,1.78,2.06,2.18,2.43,2.55,2.63,2.77,2.9
2018-01-24,1.63,1.79,2.08,2.2,2.43,2.57,2.65,2.8,2.93
2018-01-25,1.64,1.8,2.08,2.2,2.41,2.55,2.63,2.76,2.89
2018-01-26,1.64,1.8,2.13,2.24,2.47,2.6,2.66,2.79,2.91
2018-01-29,1.66,1.8,2.11,2.26,2.49,2.63,2.7,2.82,2.94
2018-01-30,1.66,1.88,2.13,2.27,2.51,2.65,2.73,2.86,2.98
2018-01-31,1.66,1.9,2.14,2.29,2.52,2.66,2.72,2.83,2.95
2018-02-01,1.64,1.89,2.16,2.33,2.56,2.72,2.78,2.9,3.01
2018-02-02,1.65,1.88,2.15,2.33,2.58,2.76,2.84,2.97,3.08
2018-02-05,1.67,1.85,2.08,2.25,2.5,2.68,2.77,2.92,3.04
2018-02-06,1.69,1.87,2.1,2.3,2.52,2.7,2.79,2.94,3.06
2018-02-07,1.73,1.91,2.15,2.33,2.57,2.75,2.84,3.01,3.12
2018-02-08,1.73,1.91,2.13,2.32,2.57,2.76,2.85,3.03,3.14
2018-02-09,1.73,1.89,2.05,2.26,2.52,2.72,2.83,3.02,3.14
2018-02-12,1.82,1.93,2.09,2.3,2.56,2.77,2.86,3.02,3.14
2018-02-13,1.8,1.95,2.1,2.3,2.54,2.74,2.83,2.99,3.11
2018-02-14,1.81,1.98,2.17,2.4,2.65,2.84,2.91,3.07,3.18
2018-02-15,1.82,1.99,2.19,2.4,2.65,2.83,2.9,3.04,3.15
2018-02-16,1.83,2.0,2.21,2.38,2.63,2.81,2.87,3.02,3.13
2018-02-20,1.87,2.01,2.25,2.4,2.65,2.81,2.88,3.04,3.15
2018-02-21,1.85,2.03,2.26,2.44,2.69,2.86,2.94,3.11,3.22
2018-02-22,1.84,2.02,2.25,2.42,2.66,2.84,2.92,3.09,3.21
2018-02-23,1.85,2.02,2.25,2.39,2.62,2.79,2.88,3.04,3.16
2018-02-26,1.87,2.03,2.22,2.37,2.6,2.77,2.86,3.03,3.15
2018-02-27,1.87,2.08,2.27,2.43,2.67,2.83,2.9,3.06,3.17
2018-02-28,1.86,2.07,2.25,2.42,2.65,2.8,2.87,3.02,3.13
2018-03-01,1.85,2.05,2.22,2.36,2.58,2.74,2.81,2.97,3.09
2018-03-02,1.86,2.06,2.25,2.4,2.63,2.79,2.86,3.02,3.14
2018-03-05,1.86,2.06,2.24,2.41,2.65,2.81,2.88,3.04,3.16
2018-03-06,1.87,2.06,2.25,2.42,2.65,2.81,2.88,3.03,3.14
2018-03-07,1.87,2.05,2.25,2.42,2.65,2.81,2.89,3.04,3.15
2018-03-08,1.89,2.05,2.25,2.42,2.63,2.79,2.86,3.01,3.13
2018-03-09,1.89,2.03,2.27,2.45,2.65,2.82,2.9,3.04,3.16
2018-03-12,1.89,2.05,2.27,2.43,2.64,2.79,2.87,3.0,3.13
2018-03-13,1.9,2.03,2.26,2.41,2.62,2.77,2.84,2.98,3.1
2018-03-14,1.94,2.05,2.26,2.41,2.61,2.75,2.81,2.94,3.05
2018-03-15,1.95,2.07,2.29,2.42,2.62,2.76,2.82,2.94,3.05
2018-03-16,1.96,2.08,2.31,2.44,2.65,2.78,2.85,2.96,3.08
2018-03-19,1.99,2.08,2.31,2.45,2.65,2.78,2.85,2.97,3.09
2018-03-20,1.97,2.08,2.34,2.49,2.69,2.82,2.89,3.01,3.12
2018-03-21,1.95,2.06,2.31,2.46,2.69,2.82,2.89,3.01,3.12
2018-03-22,1.95,2.05,2.29,2.43,2.63,2.76,2.83,2.94,3.06
2018-03-23,1.92,2.04,2.28,2.41,2.61,2.74,2.82,2.94,3.06
2018-03-26,1.94,2.06,2.33,2.44,2.64,2.78,2.85,2.96,3.08
2018-03-27,1.93,2.1,2.26,2.39,2.58,2.7,2.78,2.9,3.03
2018-03-28,1.95,2.12,2.28,2.41,2.59,2.72,2.77,2.89,3.01
2018-03-29,1.93,2.09,2.27,2.39,2.56,2.68,2.74,2.85,2.97
2018-04-02,1.92,2.08,2.25,2.37,2.55,2.67,2.73,2.85,2.97
2018-04-03,1.92,2.09,2.28,2.41,2.6,2.73,2.79,2.9,3.02
2018-04-04,1.9,2.07,2.28,2.42,2.61,2.73,2.79,2.91,3.03
2018-04-05,1.93,2.07,2.3,2.45,2.64,2.76,2.83,2.95,3.07
2018-04-06,1.91,2.06,2.27,2.4,2.58,2.7,2.77,2.89,3.01
2018-04-09,1.93,2.08,2.29,2.43,2.6,2.72,2.78,2.89,3.02
2018-04-10,1.93,2.09,2.32,2.45,2.62,2.74,2.8,2.89,3.02
2018-04-11,1.95,2.09,2.32,2.45,2.62,2.72,2.79,2.87,2.99
2018-04-12,1.95,2.11,2.34,2.49,2.67,2.78,2.83,2.92,3.05
2018-04-13,1.97,2.12,2.37,2.51,2.67,2.77,2.82,2.91,3.03
2018-04-16,1.98,2.12,2.39,2.52,2.69,2.78,2.83,2.91,3.03
2018-04-17,2.02,2.16,2.41,2.52,2.68,2.77,2.82,2.89,3.0
2018-04-18,2.01,2.17,2.42,2.57,2.73,2.83,2.87,2.95,3.06
2018-04-19,2.01,2.21,2.44,2.58,2.77,2.87,2.92,3.01,3.11
2018-04-20,2.01,2.22,2.46,2.62,2.8,2.91,2.96,3.04,3.14
2018-04-23,2.04,2.25,2.49,2.64,2.83,2.94,2.98,3.05,3.15
2018-04-24,2.05,2.25,2.48,2.63,2.83,2.95,3.0,3.08,3.18
2018-04-25,2.03,2.26,2.49,2.64,2.84,2.97,3.03,3.12,3.21
2018-04-26,2.02,2.25,2.49,2.63,2.82,2.95,3.0,3.08,3.18
2018-04-27,2.02,2.24,2.49,2.62,2.8,2.92,2.96,3.03,3.13
2018-04-30,2.04,2.24,2.49,2.62,2.79,2.91,2.95,3.01,3.11
2018-05-01,2.05,2.26,2.5,2.66,2.82,2.93,2.97,3.03,3.13
2018-05-02,2.03,2.24,2.49,2.64,2.8,2.92,2.97,3.04,3.14
2018-05-03,2.02,2.24,2.49,2.62,2.78,2.9,2.94,3.02,3.12
2018-05-04,2.03,2.24,2.51,2.63,2.78,2.9,2.95,3.02,3.12
2018-05-07,2.05,2.25,2.49,2.64,2.78,2.9,2.95,3.02,3.12
2018-05-08,2.05,2.26,2.51,2.66,2.81,2.93,2.97,3.04,3.13
2018-05-09,2.05,2.27,2.54,2.68,2.84,2.96,3.0,3.07,3.16
2018-05-10,2.05,2.27,2.54,2.69,2.83,2.94,2.97,3.04,3.12
2018-05-11,2.06,2.28,2.54,2.69,2.84,2.94,2.97,3.03,3.1
2018-05-14,2.09,2.28,2.55,2.7,2.85,2.96,3.0,3.06,3.13
2018-05-15,2.09,2.31,2.58,2.75,2.92,3.04,3.08,3.14,3.2
2018-05-16,2.09,2.32,2.58,2.76,2.94,3.05,3.09,3.16,3.21
2018-05-17,2.1,2.32,2.57,2.75,2.94,3.07,3.11,3.19,3.25
2018-05-18,2.09,2.32,2.55,2.71,2.9,3.02,3.06,3.14,3.2
2018-05-21,2.14,2.35,2.58,2.73,2.9,3.02,3.06,3.13,3.2
2018-05-22,2.13,2.34,2.59,2.73,2.9,3.02,3.06,3.14,3.21
2018-05-23,2.11,2.29,2.53,2.67,2.83,2.95,3.01,3.09,3.17
2018-05-24,2.09,2.28,2.5,2.65,2.82,2.93,2.98,3.06,3.13
2018-05-25,2.07,2.27,2.48,2.6,2.76,2.88,2.93,3.01,3.09
2018-05-29,2.06,2.17,2.32,2.43,2.58,2.71,2.77,2.87,2.96
2018-05-30,2.08,2.23,2.42,2.53,2.67,2.79,2.84,2.93,3.01
2018-05-31,2.08,2.23,2.4,2.54,2.68,2.78,2.83,2.91,3.0
2018-06-01,2.1,2.28,2.47,2.61,2.74,2.85,2.89,2.96,3.04
2018-06-04,2.13,2.3,2.52,2.64,2.78,2.89,2.94,3.0,3.08
2018-06-05,2.13,2.32,2.49,2.62,2.76,2.87,2.92,2.99,3.07
2018-06-06,2.13,2.32,2.52,2.65,2.81,2.93,2.97,3.05,3.13
2018-06-07,2.12,2.31,2.5,2.63,2.77,2.88,2.93,3.0,3.08
2018-06-08,2.12,2.3,2.5,2.63,2.77,2.88,2.93,3.0,3.08
2018-06-11,2.11,2.32,2.52,2.66,2.8,2.91,2.96,3.02,3.1
2018-06-12,2.1,2.31,2.54,2.67,2.81,2.91,2.96,3.02,3.09
2018-06-13,2.09,2.35,2.59,2.71,2.85,2.95,2.98,3.04,3.1
2018-06-14,2.07,2.35,2.59,2.69,2.81,2.9,2.94,2.99,3.05
2018-06-15,2.07,2.35,2.55,2.68,2.81,2.89,2.93,2.98,3.05
2018-06-18,2.13,2.35,2.56,2.67,2.8,2.89,2.92,2.98,3.05
2018-06-19,2.13,2.34,2.54,2.64,2.77,2.84,2.89,2.95,3.02
2018-06-20,2.14,2.36,2.56,2.67,2.8,2.89,2.93,2.99,3.06
2018-06-21,2.12,2.34,2.56,2.65,2.77,2.86,2.9,2.97,3.04
2018-06-22,2.11,2.33,2.56,2.65,2.77,2.86,2.9,2.97,3.04
2018-06-25,2.13,2.34,2.54,2.63,2.75,2.83,2.87,2.95,3.02
2018-06-26,2.14,2.33,2.53,2.63,2.75,2.84,2.88,2.95,3.03
2018-06-27,2.1,2.33,2.52,2.59,2.71,2.79,2.83,2.9,2.97
2018-06-28,2.11,2.33,2.52,2.6,2.73,2.81,2.84,2.91,2.97
2018-06-29,2.11,2.33,2.52,2.63,2.73,2.81,2.85,2.91,2.98
2018-07-02,2.14,2.34,2.57,2.65,2.75,2.83,2.87,2.92,2.99
2018-07-03,2.12,2.33,2.53,2.63,2.72,2.79,2.83,2.89,2.96
2018-07-05,2.11,2.32,2.55,2.65,2.74,2.8,2.84,2.88,2.95
2018-07-06,2.13,2.34,2.53,2.64,2.71,2.78,2.82,2.87,2.94
2018-07-09,2.15,2.34,2.57,2.66,2.75,2.82,2.86,2.9,2.96
2018-07-10,2.15,2.36,2.59,2.69,2.77,2.83,2.87,2.91,2.97
2018-07-11,2.14,2.36,2.58,2.67,2.74,2.82,2.85,2.89,2.95
2018-07-12,2.17,2.39,2.6,2.68,2.75,2.83,2.85,2.89,2.95
2018-07-13,2.16,2.37,2.59,2.66,2.73,2.8,2.83,2.87,2.94
2018-07-16,2.19,2.39,2.59,2.67,2.75,2.82,2.85,2.9,2.96
2018-07-17,2.19,2.39,2.62,2.69,2.76,2.83,2.86,2.91,2.97
2018-07-18,2.17,2.43,2.6,2.69,2.77,2.84,2.88,2.93,2.99
2018-07-19,2.16,2.4,2.6,2.67,2.74,2.81,2.84,2.9,2.96
2018-07-20,2.16,2.41,2.6,2.68,2.77,2.85,2.89,2.96,3.03
2018-07-23,2.19,2.42,2.64,2.72,2.83,2.92,2.96,3.04,3.1
2018-07-24,2.19,2.42,2.63,2.74,2.83,2.91,2.95,3.02,3.08
2018-07-25,2.2,2.42,2.66,2.74,2.82,2.9,2.94,3.0,3.06
2018-07-26,2.19,2.41,2.69,2.78,2.86,2.95,2.98,3.05,3.1
2018-07-27,2.2,2.43,2.67,2.76,2.84,2.92,2.96,3.03,3.09
2018-07-30,2.21,2.43,2.66,2.77,2.85,2.94,2.98,3.05,3.11
2018-07-31,2.21,2.44,2.67,2.77,2.85,2.92,2.96,3.03,3.08
2018-08-01,2.22,2.45,2.67,2.78,2.87,2.96,3.0,3.07,3.13
2018-08-02,2.22,2.45,2.66,2.76,2.85,2.93,2.98,3.06,3.12
2018-08-03,2.23,2.43,2.63,2.74,2.82,2.91,2.95,3.03,3.09
2018-08-06,2.23,2.44,2.64,2.73,2.8,2.89,2.94,3.02,3.08
2018-08-07,2.23,2.45,2.68,2.76,2.84,2.92,2.98,3.06,3.12
2018-08-08,2.24,2.44,2.68,2.77,2.83,2.92,2.96,3.05,3.12
2018-08-09,2.25,2.44,2.64,2.74,2.8,2.89,2.93,3.01,3.08
2018-08-10,2.23,2.42,2.61,2.68,2.75,2.82,2.87,2.96,3.03
2018-08-13,2.22,2.42,2.61,2.68,2.75,2.82,2.88,2.97,3.05
2018-08-14,2.25,2.44,2.63,2.71,2.77,2.84,2.89,2.98,3.06
2018-08-15,2.23,2.45,2.61,2.68,2.73,2.81,2.86,2.95,3.03
2018-08-16,2.24,2.45,2.63,2.7,2.75,2.82,2.87,2.95,3.03
2018-08-17,2.24,2.44,2.61,2.68,2.75,2.82,2.87,2.95,3.03
2018-08-20,2.25,2.43,2.6,2.65,2.7,2.77,2.82,2.91,2.99
2018-08-21,2.25,2.45,2.61,2.67,2.73,2.8,2.85,2.93,3.0
2018-08-22,2.24,2.43,2.6,2.65,2.7,2.77,2.82,2.91,2.99
2018-08-23,2.23,2.43,2.61,2.66,2.72,2.78,2.82,2.9,2.97
2018-08-24,2.25,2.44,2.63,2.68,2.72,2.78,2.82,2.89,2.97
2018-08-27,2.25,2.47,2.67,2.7,2.74,2.81,2.85,2.92,3.0
2018-08-28,2.28,2.47,2.67,2.73,2.77,2.84,2.88,2.96,3.03
2018-08-29,2.28,2.48,2.67,2.75,2.78,2.85,2.89,2.96,3.02
2018-08-30,2.28,2.47,2.64,2.72,2.75,2.82,2.86,2.93,3.0
2018-08-31,2.28,2.46,2.62,2.7,2.74,2.81,2.86,2.95,3.02
2018-09-04,2.29,2.49,2.66,2.73,2.78,2.85,2.9,2.99,3.07
2018-09-05,2.3,2.49,2.66,2.72,2.77,2.85,2.9,3.0,3.08
2018-09-06,2.3,2.5,2.64,2.71,2.76,2.83,2.88,2.98,3.06
2018-09-07,2.3,2.53,2.71,2.78,2.82,2.89,2.94,3.03,3.11
2018-09-10,2.32,2.54,2.73,2.78,2.83,2.89,2.94,3.02,3.09
2018-09-11,2.31,2.55,2.76,2.83,2.87,2.94,2.98,3.06,3.13
2018-09-12,2.33,2.56,2.74,2.82,2.87,2.93,2.97,3.04,3.11
2018-09-13,2.33,2.55,2.76,2.83,2.87,2.93,2.97,3.04,3.11
2018-09-14,2.33,2.56,2.78,2.85,2.9,2.96,2.99,3.07,3.13
2018-09-17,2.35,2.57,2.78,2.85,2.89,2.96,2.99,3.07,3.13
2018-09-18,2.36,2.58,2.81,2.88,2.94,3.01,3.05,3.14,3.2
2018-09-19,2.36,2.58,2.81,2.89,2.96,3.04,3.08,3.16,3.23
2018-09-20,2.37,2.58,2.81,2.89,2.96,3.03,3.07,3.15,3.21
2018-09-21,2.38,2.58,2.81,2.89,2.95,3.03,3.07,3.14,3.2
2018-09-24,2.38,2.6,2.83,2.89,2.96,3.04,3.08,3.15,3.21
2018-09-25,2.38,2.59,2.83,2.91,2.99,3.06,3.1,3.17,3.23
2018-09-26,2.37,2.58,2.83,2.89,2.96,3.02,3.06,3.14,3.19
2018-09-27,2.37,2.58,2.83,2.89,2.96,3.02,3.06,3.13,3.19
2018-09-28,2.36,2.59,2.81,2.88,2.94,3.01,3.05,3.13,3.19
2018-10-01,2.4,2.6,2.82,2.9,2.96,3.04,3.09,3.18,3.24
2018-10-02,2.41,2.61,2.82,2.88,2.94,3.01,3.05,3.14,3.2
2018-10-03,2.41,2.62,2.85,2.94,3.02,3.1,3.15,3.24,3.3
2018-10-04,2.42,2.63,2.87,2.97,3.05,3.14,3.19,3.29,3.35
2018-10-05,2.41,2.64,2.88,2.99,3.07,3.18,3.23,3.34,3.4
2018-10-09,2.46,2.65,2.88,2.98,3.05,3.15,3.21,3.3,3.37
2018-10-10,2.45,2.67,2.88,2.97,3.05,3.15,3.22,3.33,3.39
2018-10-11,2.44,2.66,2.85,2.94,3.0,3.09,3.14,3.25,3.32
2018-10-12,2.44,2.66,2.85,2.93,3.0,3.09,3.15,3.25,3.32
2018-10-15,2.47,2.67,2.85,2.94,3.01,3.1,3.16,3.27,3.34
2018-10-16,2.46,2.66,2.87,2.95,3.02,3.1,3.16,3.26,3.32
2018-10-17,2.47,2.66,2.89,2.97,3.04,3.13,3.19,3.29,3.35
2018-10-18,2.47,2.67,2.87,2.95,3.03,3.11,3.17,3.28,3.36
2018-10-19,2.48,2.67,2.92,2.99,3.05,3.14,3.2,3.31,3.38
2018-10-22,2.49,2.68,2.92,2.99,3.05,3.13,3.2,3.31,3.38
2018-10-23,2.48,2.67,2.89,2.95,3.01,3.1,3.17,3.29,3.37
2018-10-24,2.47,2.64,2.84,2.89,2.94,3.02,3.1,3.24,3.33
2018-10-25,2.47,2.66,2.86,2.92,2.98,3.07,3.14,3.27,3.35
2018-10-26,2.47,2.63,2.81,2.85,2.91,3.0,3.08,3.23,3.32
2018-10-29,2.49,2.64,2.81,2.86,2.91,3.0,3.08,3.23,3.33
2018-10-30,2.48,2.66,2.84,2.9,2.94,3.03,3.12,3.26,3.36
2018-10-31,2.49,2.69,2.87,2.93,2.98,3.07,3.15,3.3,3.39
2018-11-01,2.49,2.67,2.84,2.91,2.96,3.06,3.14,3.29,3.38
2018-11-02,2.5,2.7,2.91,2.98,3.04,3.13,3.22,3.37,3.46
2018-11-05,2.51,2.71,2.91,2.99,3.03,3.12,3.2,3.34,3.43
2018-11-06,2.52,2.72,2.93,3.01,3.05,3.14,3.22,3.35,3.43
2018-11-07,2.51,2.74,2.96,3.03,3.07,3.15,3.22,3.35,3.43
2018-11-08,2.52,2.74,2.98,3.05,3.09,3.17,3.24,3.36,3.43
2018-11-09,2.52,2.73,2.94,3.01,3.05,3.13,3.19,3.32,3.4
2018-11-13,2.53,2.72,2.89,2.95,2.99,3.07,3.14,3.28,3.36
2018-11-14,2.52,2.71,2.86,2.92,2.95,3.04,3.12,3.26,3.35
2018-11-15,2.51,2.7,2.86,2.91,2.94,3.02,3.11,3.27,3.36
2018-11-16,2.5,2.68,2.81,2.85,2.9,2.99,3.08,3.23,3.33
2018-11-19,2.52,2.66,2.79,2.82,2.87,2.97,3.06,3.22,3.32
2018-11-20,2.51,2.67,2.79,2.83,2.88,2.97,3.06,3.22,3.31
2018-11-21,2.52,2.67,2.81,2.84,2.89,2.98,3.06,3.22,3.31
2018-11-23,2.52,2.67,2.81,2.83,2.88,2.97,3.05,3.21,3.31
2018-11-26,2.54,2.7,2.84,2.86,2.9,2.98,3.07,3.22,3.32
2018-11-27,2.53,2.7,2.83,2.86,2.89,2.98,3.06,3.22,3.32
2018-11-28,2.53,2.69,2.81,2.84,2.87,2.97,3.06,3.23,3.34
2018-11-29,2.52,2.69,2.81,2.83,2.85,2.94,3.03,3.21,3.33
2018-11-30,2.52,2.7,2.8,2.83,2.84,2.92,3.01,3.19,3.3
2018-12-03,2.56,2.72,2.83,2.84,2.83,2.9,2.98,3.15,3.27
2018-12-04,2.58,2.71,2.8,2.81,2.79,2.84,2.91,3.05,3.16
2018-12-06,2.56,2.7,2.75,2.76,2.75,2.8,2.87,3.01,3.14
2018-12-07,2.54,2.68,2.72,2.72,2.7,2.77,2.85,3.01,3.14
2018-12-10,2.54,2.69,2.72,2.73,2.71,2.77,2.85,3.0,3.13
2018-12-11,2.55,2.7,2.78,2.78,2.75,2.81,2.89,3.02,3.13
2018-12-12,2.56,2.7,2.77,2.78,2.77,2.84,2.91,3.04,3.15
2018-12-13,2.56,2.69,2.75,2.76,2.75,2.83,2.91,3.05,3.16
2018-12-14,2.56,2.68,2.73,2.72,2.73,2.81,2.89,3.03,3.14
2018-12-17,2.54,2.66,2.7,2.68,2.69,2.77,2.86,3.0,3.11
2018-12-18,2.53,2.64,2.65,2.64,2.65,2.74,2.82,2.96,3.07
2018-12-19,2.54,2.62,2.63,2.61,2.62,2.69,2.77,2.89,3.0
2018-12-20,2.55,2.64,2.67,2.65,2.65,2.72,2.79,2.92,3.02
2018-12-21,2.54,2.62,2.63,2.61,2.64,2.72,2.79,2.92,3.03
2018-12-24,2.52,2.61,2.55,2.56,2.58,2.66,2.74,2.88,3.0
2018-12-26,2.54,2.61,2.61,2.6,2.67,2.74,2.81,2.94,3.06
2018-12-27,2.49,2.58,2.56,2.55,2.6,2.68,2.77,2.92,3.05
2018-12-28,2.48,2.57,2.52,2.5,2.56,2.63,2.72,2.89,3.04
